pct_poblacion_acumulada,pct_tiempo_acumulado
0.0,0.0
2.9658897511357253e-05,0.0
0.00019377146374086737,0.0
0.0003007484108009229,0.0
0.004158436562300456,0.0
0.004269802852239714,0.0
0.004333010746529563,0.0
0.0044272289751329155,0.0
0.004469430890028167,0.0
0.004649021573804087,0.0
0.004731292166371828,0.0
0.004802526459936579,0.0
0.004877773953138781,0.0
0.004955028046159707,0.0
0.005010209541174654,0.0
0.005211872822956555,0.0
0.0053071863143460095,0.0
0.005423569103832081,0.0
0.005581087189602023,0.0
0.0058449550657644084,0.0
0.005925219058513424,0.0
0.006160994537213655,0.0
0.006607462996880051,0.0
0.00664057189388902,0.0
0.007023832459265566,0.0
0.0070739974547337,0.0
0.007090050253283503,0.0
0.007214693118206688,0.0
0.00726610187389304,0.0
0.0073220439471262805,0.0
0.00738387465964723,0.0
0.007476805871849483,0.0
0.007521294218116518,0.0
0.007535135036955152,0.0
0.007557873525047192,0.0
0.007609282280733544,0.0
0.007726929240861929,0.0
0.007814917303478955,0.0
0.00785545113007781,0.0
0.00789697358659371,0.0
0.008005722877468686,0.0
0.008037359034814133,0.0
0.008053177113486857,0.0
0.00814017654618684,0.0
0.008195548060124016,0.0
0.008273068179636061,0.0
0.008315351881188085,0.0
0.008383811207510411,0.0
0.008442140372616081,0.0
0.00857603876086416,0.0
0.008634367925969829,0.0
0.008657523286343557,0.0
0.008898957497139646,0.0
0.00908543107458378,0.0
0.009213999699032102,0.0
0.009425009273508358,0.0
0.009505088296789022,0.0
0.009554249992347793,0.0
0.009682672380746217,0.0
0.009741064159079965,0.0
0.010006119135272851,0.0
0.010033708500824527,0.0
0.010043561845664411,0.0
0.010069737470434714,0.0
0.010095913095205016,0.0
0.010153298118739907,0.0
0.010177460233912493,0.0
0.010332766084840963,0.0
0.010398209430829688,0.0
0.010666820179290881,0.0
0.010671885453748213,0.0
0.01080765597751587,0.0
0.011143483674036968,0.0
0.011183582503472324,0.0
0.011285834518532479,0.0
0.011362022294459654,0.0
0.01140212112389501,0.0
0.011444224894802133,0.0
0.011512084452308119,0.0
0.011570227754989382,0.0
0.011792313579554426,0.0
0.011813905256942694,0.0
0.011863257662401592,0.0
0.01197773286513729,0.0
0.012154697620288387,0.0
0.012329956116512067,0.0
0.012377569696410988,0.0
0.012413026617612309,0.0
0.01251730460499883,0.0
0.012540604867502558,0.0
0.012575048733812414,0.0
0.012594911207600323,0.0
0.012606054811406453,0.0
0.01263442034836751,0.0
0.01273620968462649,0.0
0.012962408209646439,0.0
0.013087541794510266,5.244215380257398e-08
0.013246441584813537,1.1903536498044572e-07
0.013272814276480636,1.3310220152984204e-07
0.013539471492225747,2.75333548862627e-07
0.15659230254663317,0.00045990671402622194
0.1566834406313234,0.000460384730256418
0.16764445565747765,0.0005973588647810228
0.1676741992946962,0.0005977324443016284
0.16770857461599847,0.0005981951931268578
0.2308064274733377,0.0014852590722914457
0.3835314204581655,0.003632349957124111
0.38397576017438145,0.003639477029635197
0.38403366846560816,0.003640455133746237
0.38422879896594164,0.0036439913744983248
0.38438096888277323,0.003646865015193066
0.38442262221505913,0.003647656375089581
0.38501186447666413,0.00365885122240613
0.3850237819609369,0.0036590815743775223
0.385079396887543,0.0036601565502440213
0.38508436250598993,0.003660252530232102
0.38521346858561134,0.0036628283505955217
0.3852335647355615,0.003663238225281575
0.5220166867639727,0.006618047946844927
0.5220598199638657,0.006619044354534779
0.5220638391938558,0.006619137763087143
0.5221045377921074,0.006620110491863817
0.522125602843218,0.0066206179760826015
0.5221845270693785,0.006622056992886727
0.5223623156827938,0.0066263988539336585
0.5223653634875951,0.006626473285837321
0.5232105117472706,0.006649270412246614
0.5281370984859532,0.006784225409923198
0.5281862502718778,0.006785611784400344
0.5282520067439238,0.006787517450630526
0.6090939779757455,0.009136531467612058
0.6091499200489786,0.009138220908890566
0.6092444019978221,0.009141074247982679
0.6093881883329573,0.00914547683063801
0.6095356672008324,0.009150254685436237
0.6095507393132951,0.009150744123281304
0.6096683017905032,0.009154809577394148
0.6097571697337465,0.00915797979856337
0.6097632794666338,0.009158200779546852
0.6098691221855526,0.00916207601704139
0.6102348193211414,0.009176148051198173
0.6102732387978911,0.009177682543764854
0.6103730311017177,0.009181860931033625
0.6104582411142678,0.009185600805773375
0.6104943526304573,0.009187233896792057
0.6106136466480275,0.009192645460912004
0.610662573942622,0.00919486558327809
0.6108390087921376,0.009203059697720133
0.6113722164515967,0.009227951971877615
0.611373233450894,0.009228001658048948
0.6115451443299091,0.009236878600997919
0.6116763372392574,0.009243692981257103
0.6116943929973522,0.009244638623964355
0.6117719131168642,0.009248774426628132
0.6119055116207042,0.009255927536406803
0.6143187572482116,0.009396108932766389
0.6143338293606742,0.009396988083342219
0.614807333659443,0.009424781795837996
0.6148171334534956,0.009425358890076174
0.6148642495780822,0.009428151434276506
0.6149122685689404,0.009431015175759831
0.6149186946634012,0.009431401595925185
0.6149279482394248,0.009431959568689901
0.6156776783001306,0.009477214450203025
0.6156950287551748,0.009478262632243524
0.6158507238438248,0.009487727859246968
0.6162378127338631,0.009511560162220017
0.6163170678988796,0.00951644176015542
0.6173630383511136,0.00958117219449136
0.6173773042808165,0.00958207008642666
0.6173823283183041,0.009582402184456067
0.6175218516812367,0.009591795035458027
0.6179058846063538,0.009617672897864539
0.618122385570642,0.009632517407500627
0.6181314134496894,0.009633137211631981
0.618261614691591,0.009642095949324768
0.6183061689465191,0.009645168377283624
0.6183399351519586,0.009647501157650945
0.6183447547228043,0.009647834429741813
0.6183457575555736,0.009647904004612986
0.618348771978066,0.009648114326984578
0.6184241225256863,0.009653463552583973
0.6185294762023396,0.009660978861097241
0.6185385194698171,0.009661627629432038
0.6185708727133957,0.009663950720981737
0.6185947263760341,0.009665695013936859
0.6185957331308329,0.009665768977830459
0.6188032959819166,0.00968102340147346
0.6188043027367154,0.009681097403723445
0.618836655980294,0.009683519927207175
0.6189135120700451,0.00968930886526175
0.6193586090767776,0.009723100039043866
0.6196258060844574,0.009743548160261262
0.6198158813904818,0.009758120844936262
0.6198678327941448,0.009762117707810778
0.6199980340360464,0.009772217370015934
0.6202824035453852,0.009794593611031547
0.6202931833188432,0.00979546087029373
0.6216680003280554,0.009906138115743172
0.6219962166726929,0.009932568936595517
0.6220140298065382,0.00993400679762503
0.622025947290811,0.009934970734356832
0.6222662832236447,0.009954410125114792
0.6223506987372434,0.00996127017179241
0.6223728473428182,0.009963075709065766
0.6224080837607783,0.009965948154727924
0.6224601000744864,0.009970188484571943
0.622651277952035,0.009985853278568187
0.622661437301373,0.009986685718579325
0.622769126404356,0.009995509582697381
0.6228503522383405,0.010002165091027393
0.6228711539763121,0.010003869550477761
0.6229127574522553,0.010007278469378498
0.6231247370677757,0.01002464772282511
0.623630912691752,0.010066122902784075
0.6242123707960064,0.010113766602658657
0.6242589270667048,0.010117581345238054
0.6242836910404805,0.01011961046363135
0.6268435709896025,0.010331313303566266
0.6268446848459758,0.010331405716880515
0.6268763210033212,0.010334079489552544
0.6268773258108188,0.010334164654672554
0.6271105977998156,0.01035397771447094
0.6272513885863021,0.01036597875427791
0.6272657830378943,0.010367208848405798
0.6274252334482249,0.010381029260418615
0.627427175556773,0.01038119843183916
0.6274301958211695,0.01038146431829228
0.6277005373310722,0.010405332272281877
0.6277336959784899,0.010408298529770127
0.6277386440712247,0.010408741168968954
0.6278695307632022,0.010420531286782369
0.6279213434448261,0.010425205749674421
0.6279350836031641,0.010426445366275391
0.6279648272403826,0.010429145413204905
0.6281904919052473,0.010449954484191013
0.6281914986600461,0.01045004794591309
0.6283069235567419,0.010460797089717151
0.6283300341291845,0.010462954291326036
0.6283340533591746,0.01046333114123975
0.6283648986125864,0.010466254974935231
0.6284031981355727,0.010469908748570176
0.6284109094489256,0.010470648422870215
0.6284139939742668,0.010470946055351702
0.6286482846182374,0.010493568140360138
0.6286501867421977,0.010493752332612134
0.6287345976838714,0.010501935917549086
0.6288494270487363,0.01051311229736239
0.6288855385649257,0.010516649514724674
0.6290811426109518,0.010536010654876651
0.6291901386931468,0.010546835216925933
0.6292385420138853,0.010551665581111494
0.6303378668454822,0.01066173466378005
0.6304758136732405,0.010675907374830226
0.6307733912782711,0.010706631779971573
0.6308167459955666,0.010711140569089315
0.6308334056454562,0.010712876518837261
0.6309810575235669,0.010728426982198785
0.6310862055651975,0.010739573117109874
0.6310881076891578,0.01073977542663256
0.6311277658721159,0.010744000514058728
0.6312099684724584,0.010752776972422154
0.6323032613433882,0.010871475279999094
0.6323949073366982,0.010881431063001379
0.6323977605226389,0.010881742788760838
0.632499691232976,0.010892890912110395
0.6330931539086192,0.010958400643907906
0.6331332672193941,0.010962874933444933
0.633205239477355,0.01097091834875583
0.6332101875700898,0.010971471396397635
0.6332141074877109,0.01097191629535874
0.6332151062863928,0.010972029935088062
0.6332645180096468,0.010977665001392386
0.6371812225835007,0.011429312237781172
0.6372073186471015,0.011432351613496079
0.6372213132528162,0.011433984924439734
0.6372242821084569,0.011434331947539055
0.637410313259034,0.01145610507583788
0.6374174385125722,0.011456940645928915
0.6374350781418671,0.011459021097415204
0.6374470049731863,0.011460442311447673
0.6375614261751281,0.011474117551935004
0.6375825271325758,0.011476641075854365
0.640237275276219,0.01179520886992254
0.6404199477214245,0.011817138706410511
0.6404270667165054,0.011817993432546846
0.6440674492285452,0.012257333125462174
0.6444107359547109,0.012299085308889991
0.6444398431025732,0.012302628047827523
0.6444962213713092,0.012309594589978708
0.6445360345965464,0.012314524337417292
0.645657399763763,0.012454484649703121
0.645668179537221,0.012455834754019405
0.6456833451201485,0.01245774031875726
0.647175141528907,0.012645299118727806
0.6478001317923556,0.01272402001844032
0.6484246710608114,0.01280276342737044
0.6486955074322321,0.012837138135965015
0.6487620276563663,0.012845622315693727
0.6488027592089486,0.01285082612817927
0.6511349371832583,0.013149374642979323
0.6511703235434224,0.013153910390378224
0.6513709985732581,0.013179657968390062
0.6515801679479569,0.013206498068361723
0.651663865356734,0.013217322948515327
0.6517463467507131,0.013227999984583606
0.6532575772269621,0.01342399011541004
0.6535393669149107,0.013460939554494468
0.6535413725804494,0.013461206162649904
0.653584711514355,0.013467013332657747
0.6537599201698461,0.013490588197496151
0.6570549766057427,0.013941480508744681
0.6617375174130563,0.014583721498059714
0.6617445725883433,0.014584713800905157
0.6622077397726994,0.014649969528567622
0.6646597946168393,0.015000017706114168
0.6648365893276447,0.015025272118573496
0.6648406085576346,0.015025846402520294
0.6648456637519438,0.015026569929054746
0.66485162249408,0.015027423154572964
0.6648916699147597,0.015033157499251862
0.6649067712367426,0.015035338635021723
0.6649299525269712,0.015038712695092249
0.6654347865078111,0.015112223844082142
0.6655887644444402,0.015134655042078626
0.6656026191040977,0.015136680399189582
0.6656115256710202,0.01513798264069625
0.6656185729546122,0.015139018314203105
0.6657294082546122,0.015155323634840599
0.6663915339875726,0.01525281506833199
0.66742959540047,0.015406081151818348
0.6677023275627345,0.015446629640089167
0.6677909505454539,0.015460129812299122
0.6680964120246958,0.015506746907165284
0.6683923658050877,0.01555203704393808
0.6685012881061981,0.015568734593881183
0.6685999929171159,0.015583897162961796
0.668941218532984,0.015636336305380187
0.6691629187918815,0.015670471691636385
0.6694564825594489,0.01571567569447232
0.6697745742352582,0.015764680830645774
0.6699410884487983,0.015790333975100407
0.6701028624558968,0.01581530409734267
0.6701167770924359,0.015817468458532904
0.6701310150825978,0.015819684743333638
0.6703752066721079,0.015857739009492732
0.6716696811484447,0.01606140684039792
0.6716854465001886,0.01606389651247151
0.6716864746753024,0.01606405892156183
0.6724288072211141,0.01618140156960233
0.672433896687927,0.016182207110464097
0.6735075487778381,0.016352154190697014
0.6738386116443184,0.016404692268707555
0.6745425022312038,0.016516807507778782
0.6746791560508646,0.01653858752378614
0.6746831482620483,0.016539225428602575
0.6746899456419669,0.01654031165020142
0.6747137993046053,0.016544138916126223
0.6796862321079744,0.017344227790185865
0.6798410120077871,0.01736921912551156
0.6800065231236553,0.017395959978190625
0.6832029726700737,0.017912638863454417
0.6832049783356123,0.01791296321505959
0.6832198226138169,0.017915371338196654
0.6834807220489251,0.017957964307100425
0.6835516661317722,0.01796954803949491
0.6839250374683041,0.01803061633677414
0.6842670892963172,0.0180865967935421
0.6842730776130929,0.018087579507662033
0.6843312123476482,0.018097185429845463
0.6843657903237554,0.01810291826084875
0.6844287660494712,0.018113366474532714
0.6851688102077985,0.01823668185970008
0.685171824630291,0.01823718550023897
0.6851758962037413,0.01823787026491087
0.685293818419252,0.018257883845323664
0.6852948080377989,0.01825805220406039
0.685327743780065,0.01826366668664632
0.6853740116601827,0.01827158031048288
0.6866015385042935,0.018481629124971498
0.6866035177413875,0.01848196948711751
0.6866095465863725,0.01848301520351766
0.6866125154420133,0.018483531251449033
0.6866416699185715,0.018488608893559567
0.6867129757667364,0.018501027760921076
0.6912105992798462,0.019289432598068534
0.6950237448698897,0.01995833705966012
0.6959707594997454,0.020124787700597408
0.6960403392733071,0.02013704909876721
0.696173511318151,0.020160690971040462
0.6961814625390305,0.020162105167106023
0.6962111627792474,0.02016741968224473
0.6969961483385326,0.02030789375557166
0.7004796056238399,0.020931881806852688
0.7004846296613274,0.02093278220404596
0.7004856324940968,0.020932962986637268
0.7005137016747016,0.020938044816430693
0.7013781921816581,0.021094722567175886
0.7014317772413352,0.021104445736609526
0.7014357528517751,0.021105168031822448
0.7027970962475464,0.02135287940974001
0.7028645488190698,0.021365182271014322
0.7029918806907929,0.021388515027576854
0.703190369896498,0.02142509613569301
0.7032884406660956,0.02144319028243259
0.7037549846440891,0.021529285848201227
0.7037931023556224,0.021536326346184603
0.7038039772847099,0.021538336509471866
0.7039705416531337,0.021569173553564663
0.7041396383787819,0.021600481575362755
0.7041436699075173,0.021601229901625975
0.70415698477524,0.021603706629154482
0.704400531576967,0.021649018578786452
0.7044853560238495,0.021664803422253045
0.7045727742761325,0.021681149765787864
0.7045747703817243,0.021681524259821134
0.7047971829568552,0.021723265725467802
0.70564542742568,0.021883430232846016
0.7064897900977831,0.0220435802339588
0.7066402547485724,0.022072615638373372
0.7066432175163343,0.02207319079239274
0.7067969530634527,0.022103122912200297
0.7068009452746365,0.022103915451390455
0.7068729175325974,0.022118207137958774
0.707291756089342,0.022201408728648137
0.7074073089515552,0.02222440126933385
0.7074113281815452,0.022225201877609162
0.7080828293483203,0.022358969705705462
0.7082191166653689,0.02238637527172438
0.7082201033818087,0.022386573875235877
0.7085594011693387,0.022454927105812702
0.7086783757182128,0.02247892231862054
0.7086833023906327,0.02247991594754597
0.7087381952944095,0.022491058051294623
0.7087407657321938,0.022491580350990133
0.7094878483539835,0.02264354497618229
0.7094917682716045,0.022644343325140467
0.709604484146784,0.022667362557292202
0.7100726379804417,0.022763190558357068
0.7105446860273428,0.02286000751463559
0.7124680589400881,0.023255296964282014
0.7126554438545649,0.023293850937410415
0.7127559479719316,0.02331461236989328
0.7127990542135747,0.023323527354867014
0.7128722345772943,0.023338662096799162
0.7129790523324688,0.023360764382977028
0.7133896601634796,0.02344624189381499
0.7133985406114377,0.023448104887231473
0.713530575432292,0.02347585759819673
0.7135315464865662,0.023476062643626776
0.7144965876937908,0.023681627703251724
0.7145698451706438,0.02369733194934655
0.7150873210318593,0.02380833582733216
0.7168867494677595,0.024196114145180896
0.7189122544418018,0.024632612144188798
0.7189601312255698,0.02464293449489009
0.7189779774079009,0.02464679192063774
0.7189859743254521,0.02464852115337131
0.7189879164340002,0.024648941627839517
0.7209464186631314,0.025073761310330577
0.7209605290137053,0.02507682396458457
0.7212324813312861,0.025135930701674365
0.7212649973692578,0.025142999050373385
0.7215276447020592,0.02520016347371875
0.721558740729889,0.025206940516092298
0.7217894531944327,0.02525722179821863
0.7218676948128431,0.02527427371128756
0.7233694730883307,0.02560162723258013
0.7236662044261523,0.025666420969840047
0.7237587401863878,0.0256867373833961
0.723982411114253,0.02573613168398456
0.7240235625991619,0.025745237128262568
0.7240245606519579,0.02574545816669235
0.7240265964386831,0.025745910324411404
0.7240811264402504,0.025758028617020413
0.7242034621425318,0.025785241894466272
0.7242044807975058,0.025785468983361523
0.7242999375097688,0.025806892209324604
0.726623696043602,0.026329708802493315
0.7268591917113876,0.026382755186112643
0.7268601897641835,0.026382980977648175
0.7268642212929189,0.026383898875379907
0.7269650615444575,0.026406908110480538
0.728191160367577,0.02668849515359754
0.728302757953276,0.0267141488565114
0.7285934744666824,0.026780985240634384
0.728718611946149,0.026809799128021315
0.7288192095339807,0.0268331183745856
0.7288842416099239,0.02684821640374571
0.7289054477216446,0.02685317656970094
0.7289426255990522,0.026861900430823163
0.7289485054754838,0.02686328179804059
0.7289564898978514,0.02686516488981393
0.729065892626024,0.026890987894758713
0.729066877960508,0.026891221057503724
0.7290688914701057,0.026891697546075316
0.7294150902295854,0.02697379988988685
0.7295449147643903,0.027004601458653996
0.7295459135630722,0.02700484028093591
0.7296189139961469,0.027022296307151996
0.7296287898886865,0.027024660611835838
0.7297256459616595,0.02704786656333251
0.7297286790782449,0.027048600400280575
0.7298980907008298,0.02708968062529417
0.7299286360698334,0.027097087887736862
0.7300437916825708,0.027125127233510647
0.7335190235669683,0.02797184424464642
0.7336201519335113,0.027996527161069235
0.733629212726701,0.027998777683537552
0.7340910347152834,0.028113831198858068
0.7342955387454038,0.028164929834625128
0.7343106569781616,0.028168732136892367
0.7343782423556371,0.028185794531072433
0.734379249110436,0.02818605076450227
0.7344594467693066,0.02820647748775402
0.7345776869073852,0.028236608826613222
0.7346048997263492,0.02824356425197046
0.7346710682063655,0.028260493305626848
0.7348108633012926,0.028296263110330046
0.7348342542851299,0.028302261898609155
0.734853404046623,0.028307181019969246
0.734889706537177,0.02831650996047206
0.7350458863369522,0.028356674480619678
0.7351423420148087,0.028381547212293735
0.7351870162235001,0.028393067214332244
0.7354185098503557,0.02845276177034998
0.7354927312413779,0.028471912325295855
0.735674291919997,0.028518850723763683
0.7357282711134677,0.028532827757409184
0.7378424561910689,0.02908069116669079
0.7378582215428128,0.02908479196793013
0.7385616893709416,0.029268069173820518
0.7387406432494859,0.029314949533135976
0.7388860924119155,0.02935324110727639
0.7394659831760575,0.02950622232248228
0.7394729804789147,0.02950806926125556
0.7394863467553933,0.029511608324819878
0.7402854591419978,0.029723751933744186
0.7402864639494954,0.02972401876063352
0.7403921359996706,0.029752100130743888
0.7405205325016775,0.0297862333585329
0.7405225421166726,0.029786768364949076
0.7409730607698701,0.02990675843852968
0.740974061404579,0.029907025199368453
0.740975019476844,0.029907282109982596
0.7412136075119844,0.029971275522196087
0.7412246912397105,0.029974264555868307
0.7413088088162022,0.02999705387649381
0.7413372847965259,0.030004773715221277
0.7413382835952078,0.030005044603719926
0.7413744814072998,0.030014875299785575
0.7414329385739632,0.030030751991715333
0.7416434574284988,0.030088034864797143
0.7420855727274014,0.03020852679305345
0.7421398323322667,0.030223394372014212
0.74233305954686,0.030276418747008805
0.7423715414880117,0.030286984619229417
0.742495217345993,0.03032118695240122
0.7427378666728326,0.030388503809807225
0.7427700712085982,0.030397464719779853
0.742772046387106,0.030398014864921503
0.7427730745622197,0.03039830206446657
0.7427751309124473,0.030398876985856405
0.7429313526509441,0.030442879361159993
0.7429323554837135,0.030443161978030982
0.7431658383680139,0.03050897364517422
0.7431799487185877,0.030512951278810395
0.7432041313972626,0.03051978206882902
0.7433723665502462,0.030567349821550745
0.7434265599468657,0.030582684467162603
0.7436829182752216,0.030655416092561935
0.7437210121631853,0.030666267280047222
0.7437554988701248,0.030676123358213885
0.7437702788873847,0.030680348142519697
0.7437722540658925,0.03068091303712985
0.7438662178471193,0.030707813818170303
0.7441932276881681,0.03080164903495459
0.7443054530018315,0.030833879079756057
0.7443074665114292,0.03083445810772725
0.7443261878666251,0.030839847066498748
0.7443457231937859,0.030845471072102598
0.7445426472884844,0.030902846089006522
0.7445443609136739,0.030903346452114823
0.7446261436758449,0.03092723562899086
0.7446271303922847,0.03092752454327953
0.7448451035163949,0.03099152782695726
0.745605935673856,0.031215336215846757
0.7458657555250948,0.03129230994544505
0.7467201821146247,0.031545570935444266
0.7467211888694234,0.031545869450394615
0.746725198752367,0.031547059243877996
0.7468890944015617,0.03159588940149252
0.7468930447585777,0.03159706675022352
0.7469081589327494,0.03160158321932304
0.7469102152829769,0.03160219953296374
0.7469142468117123,0.03160340890725654
0.7471538116132106,0.03167527637910465
0.747199154135726,0.03168888567328628
0.7472001521885219,0.03168918622166904
0.7472581211484665,0.03170665594150448
0.7472591199471483,0.03170695725992953
0.7472903764706057,0.031716394296179985
0.7472913640598597,0.03171669289766486
0.7481243494752922,0.03196937443990154
0.7481283039949603,0.031970576683402585
0.7481323232249503,0.0319718002333527
0.7482153483653837,0.03199709405528268
0.7482202321971739,0.03199858242334562
0.7482838505323358,0.03201800592476753
0.7482858481296997,0.032018615969319604
0.7482918954228028,0.03202046435976533
0.7483729670305201,0.03204529276043663
0.7485925081216788,0.03211259473197488
0.7486398785843197,0.032127164028906384
0.7490806781676106,0.032262792677277274
0.7493403272372203,0.03234268682240725
0.7493610666115538,0.03234909546647341
0.7494162453426572,0.03236620853329944
0.7495048078160124,0.03239369431487204
0.7496137943780675,0.032427522961045806
0.7528770753068781,0.033440794909602195
0.7573077577237877,0.03481750988700548
0.7573429941417478,0.03482846133780622
0.7573704531227742,0.03483702555730396
0.7573771362610134,0.03483911421420008
0.7574383667947598,0.034858251147904924
0.7574433908322474,0.03485982167489701
0.757664889128176,0.03492918356691511
0.7577555399007029,0.03495761217829946
0.7577675781176595,0.03496140577917976
0.7579313617397528,0.035013220638880814
0.7579333752493507,0.035013857661704444
0.7579343628386047,0.03501417034792838
0.7582463442788334,0.03511334872611587
0.7589759782922718,0.03534601164995845
0.7592247966697937,0.035425401308136324
0.7592415856871113,0.03543077582131236
0.7592425885198807,0.03543109684891215
0.7592798801606832,0.035443039413653614
0.7596290980953909,0.035555106295545646
0.7596373234963008,0.035557750907823905
0.7603977672218613,0.03580245951540752
0.7618771630835912,0.03627908849174625
0.7618861853202142,0.03628199571729073
0.7618901878590497,0.036283286010189236
0.7619033066118897,0.036287517916631734
0.7620934761672995,0.036348890235287
0.7621305675845271,0.03636089162267438
0.7622659011338715,0.036404835150866434
0.7629943865695633,0.03664342286107849
0.7630801106696703,0.03667153990056417
0.7630811285630329,0.036671874397480465
0.7632579232738381,0.03673014500261532
0.7635210718420077,0.03681690746124911
0.7636042769130861,0.03684434726442541
0.7636214063104808,0.036850014342257105
0.7640748315356345,0.03700025556020284
0.764782324930734,0.03723510386890865
0.7665646447070087,0.037828884844167625
0.7666278398603401,0.03785003144672019
0.7667022340419023,0.03787504927714878
0.7667081595774261,0.03787704233670694
0.7677548069898066,0.03822924270298743
0.7682601978988332,0.038400803903974795
0.7684006437633263,0.03844878498998587
0.7686136162175651,0.0385215490361496
0.7686326631615469,0.03852807571338384
0.7687940075640087,0.03858352839258712
0.7688049486883167,0.038587305019626206
0.7690111724242321,0.038658512329405245
0.7699595354447561,0.03898615470854442
0.7699821981378878,0.038993991744747505
0.770010332747818,0.03900377498901299
0.7700122422158864,0.03900443911359475
0.7712783970278115,0.039445699827510484
0.7713476167753117,0.03946985662911832
0.7718682332441473,0.03965161119744633
0.771881085433069,0.03965612827371924
0.7718860285826542,0.03965786561074728
0.7718976548704787,0.03966195300863809
0.7719016863992141,0.03966337168491255
0.771919885098727,0.039669786123206596
0.8052131767210903,0.05141640654614579
0.8052181798946347,0.05141817762360861
0.8057442092770379,0.05160456756242581
0.8057452117477738,0.05160492506318346
0.8057767424512614,0.05161617393618566
0.8057807616812513,0.051617607987157595
0.8057817664887489,0.051617966627507894
0.8057827540780029,0.05161831995002261
0.8057867566168385,0.0516197608550334
0.8058990333392575,0.05166019590814281
0.8062784299562227,0.05179683084035316
0.8062794367110215,0.05179719387074121
0.806777196847079,0.05197703118630878
0.8069950117904025,0.052055737292795536
0.8071615761588262,0.052116099886445694
0.8073867693570683,0.0521978095464804
0.8073936666984562,0.05220031788859185
0.8074045416275437,0.05220427675706518
0.8074280961846945,0.05221288676783395
0.8074359968987262,0.05221577645962302
0.807840566379281,0.052364390273271534
0.8078842638216144,0.05238047086894071
0.8079135074945605,0.05239124475406221
0.8079316587398375,0.05239794651554574
0.8079336600092554,0.05239868699544643
0.8082775417441673,0.05252617828966947
0.8085998746423207,0.05264649923659171
0.808691567298963,0.05268076950543853
0.8086984804237408,0.05268335865172264
0.8087004556022488,0.05268409921049597
0.8087024307807568,0.05268483976926931
0.8087125068968714,0.0526886356763204
0.8087386453930958,0.052698488630264384
0.8088251179442048,0.052731116463544926
0.8089123328982266,0.052764100844904634
0.8091182249647505,0.052841994630225805
0.8091261340040867,0.05284499915922424
0.8091271514690431,0.05284538587318317
0.809128152103752,0.05284576837610081
0.8091764763340972,0.05286426842717826
0.8092399661473698,0.052888596921753496
0.8092468035118761,0.05289123184863678
0.8093319951641563,0.052924149936174954
0.8094152516439904,0.052956365737537286
0.8094806876458711,0.052981688460827646
0.8094847191746065,0.05298325095541583
0.8094867152801984,0.05298402491313125
0.809673971672786,0.05305671378938863
0.8096759851823837,0.05305749702674765
0.809692073098869,0.05306376407314294
0.8097031259813416,0.053068069862867155
0.8105072329837377,0.05338158539338791
0.8105132786534065,0.05338394409202295
0.8107037480932244,0.05345831560571501
0.8107057441988162,0.05345909612905384
0.8109140672895497,0.05354069283685394
0.8116774737828721,0.05384131590193843
0.8118777457396641,0.05392038224415589
0.811895944439177,0.05392759034034076
0.8119294500956956,0.05394087096519759
0.8119314513651135,0.05394166700332937
0.8122202857952607,0.05405664739514331
0.8122823251472122,0.05408138130457145
0.812347532155727,0.05410738058273589
0.8123545960995638,0.05411021388762762
0.8123692475949345,0.05411611172516871
0.812442248028009,0.05414561981685875
0.8124442472573968,0.054146434034932
0.8124452497281327,0.05414684276545528
0.8124472546696044,0.05414766022650185
0.8127109815862754,0.05425608204382972
0.8128429787073758,0.05431050882992611
0.8129223046525631,0.054343421042809245
0.8129605938937983,0.054359311080307164
0.8132195012396237,0.05446688587850617
0.8132700197461262,0.054487882498720226
0.8133930448530033,0.054539137910274066
0.8134167469950988,0.05454904413493846
0.8134573966326307,0.05456604279636868
0.8135340908800028,0.05459812804774936
0.8135509303821703,0.054605173969528444
0.8135548849018385,0.05460683854870227
0.8138662016380591,0.054737920891398034
0.8139981987591594,0.05479371052636396
0.8140002037006311,0.05479455884748803
0.8140627246565851,0.05482103067344218
0.8141118807091576,0.05484188552824795
0.8141901291193753,0.05487515857567234
0.8141930594184493,0.054876412868598
0.8141950586478371,0.05487727035049602
0.8142336904469273,0.05489392513538003
0.8142386432416824,0.05489606036421132
0.8143000578966462,0.05492253720171923
0.8143099634861565,0.0549268076593818
0.8143436424904915,0.05494132721543453
0.8143961421148962,0.05496396064104614
0.8144803396257337,0.05500025953117796
0.8145428012638927,0.05502729165463268
0.8145890691440103,0.05504733601533483
0.814652224800371,0.055074700577975616
0.8147374348129212,0.0551117638620718
0.8150702550972346,0.05525657940988857
0.815092309453424,0.05526619578687971
0.8151901244974165,0.05530889584052966
0.8151921257668343,0.05530976954835687
0.815194130708306,0.05531064485931771
0.8152082201927034,0.05531679850657947
0.8152092088226205,0.05531723146289438
0.8153310261532822,0.055370785374851794
0.8155615730022207,0.0554726986959802
0.8155635898072513,0.05547359537356871
0.8155655874046152,0.05547448414559172
0.815566596539449,0.05547493469388295
0.8155727655901314,0.05547769016427158
0.8156350402873606,0.0555056228514026
0.8156812853191425,0.05552638614922079
0.8156970163983825,0.05553345195529961
0.8156989442267208,0.05553432163325823
0.8176803233521324,0.056431831092845816
0.817682353997982,0.0564327538328627
0.8177786597336343,0.056476532971578085
0.8178391638845575,0.05650403724843322
0.8180394009879558,0.05659559095640414
0.8181397194625938,0.05664153948322671
0.8183121562927248,0.05672155157222936
0.8184289184290774,0.056775777602285575
0.818639437283613,0.056873740779521814
0.8187076538463669,0.05690550557477063
0.8187439563369209,0.056922419840605434
0.8187820502248845,0.05694016876465627
0.818817158643402,0.05695664706526935
0.8190320472421709,0.057057757104699805
0.8190391005234511,0.05706107717975353
0.8190461178186023,0.05706438102858791
0.819072200622008,0.057076664519888354
0.8190752091203162,0.0570780828385966
0.8191188076996578,0.05709866618621843
0.8192869357510671,0.05717805188253549
0.8194450847297015,0.05725285024338285
0.8197490497078544,0.05739675677164209
0.8197923770071469,0.05741729293078214
0.8198024088546108,0.05742205200364705
0.8208959159286892,0.05794103007711963
0.8209442401590343,0.05796399419757964
0.8209491781053042,0.0579663411942137
0.8209521769493859,0.057967774613084305
0.8209582174781791,0.057970662158376256
0.8211480828651176,0.058061613723350086
0.8211500924801127,0.05806257986383049
0.8211581597002358,0.05806646429706404
0.8211601132329519,0.0580674072961068
0.8212156346890932,0.058094281652409735
0.821505139424687,0.05823441222456079
0.8215071443661587,0.05823538347675271
0.8215130761456609,0.05823826837903242
0.8215961288264992,0.058278686102611
0.8216586007464093,0.058309107206029075
0.8217871693708576,0.05837173085286678
0.8217881674236536,0.05837221788776926
0.8217901831880213,0.05837320377792556
0.8218429285713555,0.05839905795365399
0.8218509483372427,0.05840299582176232
0.8219291967474602,0.05844144520655294
0.8220952041876974,0.058523019373958235
0.8221958111225756,0.058572499918086975
0.8221968091753715,0.05857299529310567
0.8222029139651094,0.0585760334941126
0.8223054744327036,0.05862708178345338
0.8224104244554232,0.0586795486932943
0.8226738200712242,0.058811246238852685
0.8227450726066056,0.05884687967464956
0.8228120839196428,0.058880412497130975
0.8228131013845992,0.05888092281793738
0.8230865959648506,0.059018100523991306
0.8230905504845186,0.05902008591570888
0.8231159464098277,0.05903283771391941
0.8231199562927712,0.059034856757406357
0.8231219523983632,0.05903586436512547
0.8231239873282756,0.05903689203602168
0.8231358508872803,0.059042884671710816
0.8231559574228375,0.0590530574216337
0.8232092397420645,0.059080086935766184
0.8232149681462696,0.059082997473203704
0.8233763125487313,0.05916506899568119
0.8234347555268421,0.05919487454341734
0.8234486233521565,0.059201947046269986
0.8235353756273772,0.05924622981790739
0.8235363736801732,0.0592467398071419
0.823537377139539,0.059247252622766367
0.8236842005457793,0.059322349787011654
0.8237083626609518,0.05933472232905004
0.8237165023806021,0.05933889131433837
0.8237335957918679,0.05934765833996929
0.8239869381398902,0.05947790697278169
0.824095628448099,0.05953386700691229
0.8241179655524448,0.059545368570139354
0.8241199190851608,0.05954637699113622
0.824155579207398,0.05956480571359141
0.8242053600191542,0.059590531838626865
0.8242628124383139,0.059620222558138
0.8242875764120896,0.05963302028206521
0.8242925292068447,0.05963557982685066
0.8243113498269143,0.05964530609703534
0.8243787078355844,0.05968011590611737
0.8244143679578215,0.059698544628572554
0.8244264338951854,0.059704780159941885
0.8244511978689611,0.0597175778838691
0.8245007258165127,0.05974317333172353
0.8245489895659689,0.05976811545720085
0.8245519523337308,0.05976964718198003
0.8245539572752025,0.05977068702909671
0.8247510013236644,0.05987310508744828
0.8247570517387567,0.059876253383957814
0.8248862209974887,0.05994359048918201
0.8250482500680592,0.060028265541534204
0.8250975110801746,0.06005406711979721
0.8251436247340252,0.06007822722495062
0.8251657419231383,0.06008983211135327
0.8251677411525261,0.06009088138605199
0.8251990016305032,0.06010730201690255
0.8252527237801954,0.06013552686394194
0.8253894710703211,0.06020744660493209
0.8253904399276397,0.06020795677296164
0.8253914573925961,0.06020849263952776
0.82539244884717,0.060209015222757394
0.8254462609621848,0.060237383011798144
0.8256078680577388,0.060322722109794336
0.8277805305949332,0.061473478799679675
0.8278339340103401,0.06150178983739827
0.8278596383881833,0.06151546527561334
0.8281886639447159,0.061690586984557316
0.8282156113702063,0.06170496448302738
0.828217617739699,0.06170603551966935
0.8282236325641144,0.06170925031477345
0.8282294457080266,0.061712360268961
0.8284387188888668,0.06182435051213588
0.8295472201833537,0.06241784842914968
0.829655178570295,0.06247565544956218
0.8303029288919431,0.06282269500132205
0.8303048666065805,0.06282373371981939
0.8308127851127617,0.06309603740814834
0.8308664960866375,0.0631248341324787
0.830897143614066,0.06314127451981745
0.8309906390044076,0.06319150227785997
0.8309968080550899,0.0631948172879124
0.8310169179506967,0.06320566187905977
0.8310188952105307,0.06320672882685122
0.8310198976812666,0.06320726983303677
0.831051068019457,0.06322409517929817
0.8310559518512473,0.06322673550219018
0.8311026567057883,0.06325202981214394
0.8311075998553736,0.06325470697474188
0.8311096047968454,0.06325579474154985
0.8311183956940678,0.06326056540868819
0.8311213022660239,0.06326214371449874
0.8311242964244117,0.0632637706075347
0.8312361413132829,0.06332464159334524
0.8316593838867647,0.06355499986261696
0.8317131960017794,0.06358431893959662
0.8319057585123646,0.06368951133873467
0.8320166612189498,0.06375017799271371
0.8320609029892846,0.06377438444409218
0.8320829730537048,0.06378647640038673
0.8321281163672919,0.06381126555798881
0.8321914519542976,0.06384607504642976
0.8322336071339603,0.06386925387123711
0.8322827282000187,0.0638963495667257
0.8323871662047772,0.06395403824580732
0.8324315359154542,0.06397860207381012
0.832436627359527,0.06398142673271211
0.8324887929663386,0.06401037142534258
0.8324927000317709,0.0640125399013839
0.8325057082829865,0.0640197634626296
0.8331148139085743,0.06435879254723564
0.8331579508526686,0.06438283057267878
0.8335551202108855,0.06460449080289658
0.833760241146074,0.06471918501519905
0.8337955729818003,0.0647389517249442
0.8338492250286438,0.06476906323065952
0.8343860510735993,0.06507050659152196
0.8344076427509877,0.0650826312174811
0.8344096496697192,0.06508375910345957
0.8344347292883787,0.06509786496740287
0.8344748566782338,0.06512047307968542
0.8345099681443571,0.06514028505352058
0.8345822488548521,0.06518120781311092
0.8347159573163084,0.06525706499479413
0.8347997107474474,0.06530458850002666
0.8348771285254551,0.06534854061521259
0.8349298448516665,0.06537854940212541
0.8351455886153138,0.06550157806435726
0.8351476043796816,0.06550272935325421
0.8352339710892347,0.06555206802838104
0.8352428593925204,0.06555714903215061
0.8352438618632563,0.0655577226171061
0.8352448691969826,0.065558299943986
0.83538951820326,0.06564124397539622
0.8354203634566718,0.06565893700815663
0.8354366086234688,0.06566826173430355
0.8355444230658942,0.06573022801025746
0.8356306969540829,0.06577987412839505
0.835632706569078,0.06578103119493563
0.8362765345930698,0.06615183948724643
0.8379307862398497,0.06710482536163588
0.8381385510539021,0.06722464438041609
0.8381435634075816,0.0672275351574374
0.8392014013733397,0.06783773000302087
0.8392084236665643,0.06784178345144543
0.8393428504225791,0.06791978434356823
0.8393487991500228,0.06792323849985561
0.8394010491398931,0.06795370974779552
0.8394068326249079,0.06795708264497609
0.8395406496159594,0.06803512908870515
0.8398693914723218,0.06822712928067598
0.8404007523710959,0.06853771113851476
0.8404417765581337,0.06856175032018978
0.8404427790288695,0.06856233830396856
0.8404566198477081,0.06857046486035118
0.8404909055332312,0.06859060682229345
0.8412892683888179,0.06906197678473561
0.8415154669138379,0.06919562962071944
0.8416269504725977,0.06926151694945488
0.8422098615011363,0.06960667166442998
0.8423458090995068,0.06968722453916139
0.842354840233799,0.06969257827005303
0.843716572490671,0.07050112139969444
0.8439020295768096,0.07061134922980603
0.843903967291447,0.07061250274626096
0.8440394095900822,0.07069314151278669
0.8440413802590501,0.07069431654890981
0.8441688739731522,0.0707703718980615
0.8441809121901088,0.07077755732731009
0.8442172146806628,0.07079922849989596
0.8442474430290065,0.0708172993668676
0.8443645026697322,0.07088738753872022
0.8447737677737512,0.07113252407214843
0.8448160874614323,0.0711578732684227
0.84485907089327,0.0711836538870891
0.84565302771609,0.07166005526423136
0.8456811815699394,0.07167695211946579
0.8456852035490607,0.07167936718179596
0.8456862083565583,0.07167997101959621
0.8456870651691532,0.07168048622472085
0.8457743422420881,0.07173301840109243
0.8458334880155053,0.07176862056745942
0.8458344928230028,0.07176922625556569
0.8458370632607871,0.07177077980336626
0.8459933458780736,0.07186534863975505
0.8461614132991001,0.0719670528974466
0.8461662971308903,0.07197000935202244
0.8481769506866232,0.07318877828151152
0.8483023487799206,0.07326479381660071
0.8483054024600083,0.07326664505459689
0.848468387255814,0.07336562962926921
0.8484693920633115,0.07336624001332456
0.8485225230123133,0.07339851648436664
0.8485324375580529,0.07340454764683277
0.8486080677467069,0.07345055939368098
0.8491592513943215,0.07378681840818897
0.8491975275496916,0.07381019373638631
0.8493654171215953,0.07391289268867479
0.8495821907080727,0.07404566493825324
0.8496757546434219,0.07410303039344565
0.8497973991835437,0.07417762948283564
0.8498569819313841,0.07421419082843707
0.8499136343801506,0.07424900012101565
0.8500469629880231,0.07433106930165699
0.8500500189529445,0.07433295262331927
0.8502395410028362,0.07444996977638849
0.8502405458103337,0.07445059024142149
0.8502554655252992,0.07445980841732348
0.8502727364191738,0.0744704832218699
0.8502737523541075,0.0744711111515491
0.8506252658412029,0.07468837482055266
0.8506537120193494,0.07470595685157029
0.8507186926865369,0.07474612014170212
0.8507918400017705,0.0747913310786046
0.8509432387872669,0.07488490773164119
0.8509666052907443,0.07489935011426281
0.8510407685409118,0.07494518898084448
0.8511362664246892,0.07500421437068938
0.8518794828056468,0.07546358200157224
0.8522937345589674,0.0757196229761627
0.8527384460000322,0.07599449049300244
0.8528175640750335,0.07604339184071834
0.8528781235892321,0.07608082250193297
0.8529012499691797,0.07609511646885792
0.8529733813494796,0.0761396994760812
0.8529743581158377,0.07614030333287415
0.8530117212650598,0.07616341053127333
0.8530394819931304,0.07618061860876646
0.8532830823819502,0.07633161948876872
0.8533762791119016,0.07638938946320994
0.8537556328882372,0.07662458332564329
0.8538591815463574,0.07668879646353535
0.8538693680960953,0.0766951237495481
0.8548828549939119,0.07732511847117025
0.8550156952186054,0.07740776934775491
0.8550629912738369,0.07743721414977936
0.8562745242828453,0.07819194745992676
0.8562776088081865,0.07819387028014081
0.8562898326678718,0.07820149733119193
0.8565173592524137,0.0783434967301265
0.8565835718257098,0.0783848469219666
0.8565917210655001,0.07838994518021332
0.8569118690915368,0.0785903310502679
0.8569128722762833,0.0785909590746204
0.8571145124103056,0.07871728415700088
0.8571345047041837,0.0787298149246541
0.8572060096098201,0.07877466545238239
0.8572110269066491,0.07877781293298698
0.8572130415741016,0.07877907839809722
0.8573130030434918,0.07884197978465649
0.8573180153971711,0.07884513428548375
0.857359999214315,0.07887155873282899
0.8573669617479657,0.07887594543330477
0.8574261552580846,0.07891326398718009
0.857464760785569,0.07893760382607362
0.8575175894021267,0.07897091097403319
0.8575226826769956,0.07897412332329973
0.8575912002665744,0.07901734025740417
0.8576303244716833,0.07904205431198245
0.8576565619773632,0.07905864039969457
0.8578005649123255,0.07914976538953411
0.8579859669176544,0.07926712536445447
0.8579939923956253,0.07927222202509283
0.8580040404706004,0.07927860379437185
0.8580050472253993,0.07927924407748811
0.8580080576034966,0.07928116009204925
0.8584470026957985,0.07956064127502391
0.8584520407538558,0.07956385053375124
0.8585264349354179,0.07961126914814741
0.8585335655202344,0.07961582240080749
0.8585345734024182,0.07961646601208097
0.8585713899805291,0.07963997953758184
0.8587505923347257,0.07975451660949219
0.8587525972761975,0.07975579814295847
0.8589013856393216,0.07985094903941328
0.8589023881100575,0.0798515906591271
0.8591057525794268,0.07998176721414627
0.8593397358588792,0.08013163543176446
0.8594865135684477,0.08022569063631137
0.8598278309856654,0.08044451098038492
0.8599668813880459,0.08053374873198582
0.860031017956632,0.08057501525605187
0.8605163166103111,0.08088749243502573
0.8605786468705389,0.08092767669955267
0.8605896819027491,0.08093479770200035
0.8610089608912309,0.08120556975059563
0.8610222034058902,0.08121412434219025
0.8611385728364702,0.08128960131406912
0.8613406435188213,0.08142069216906854
0.8613426484602931,0.08142199465785147
0.8614514636598292,0.08149300865717712
0.8614634933086598,0.08150086331076657
0.8616270124223196,0.0816076711365722
0.8617752475920815,0.08170492874140972
0.861815646305925,0.08173153759971995
0.8618789924770861,0.08177326978944216
0.8619111629339778,0.08179446477608338
0.8619915475337783,0.08184744120686312
0.8619945103015402,0.08184939746800239
0.8620972866859083,0.08191726926883487
0.8623399360127479,0.08207778507498828
0.8624045881109317,0.0821205672689558
0.8624065930524034,0.08212189598371218
0.8624854198111225,0.08217425017354105
0.8624983087205838,0.08218282497562947
0.862502215786016,0.08218542964765001
0.8625559267598918,0.08222127463577232
0.8626495335358707,0.0822839433332834
0.8626915344892664,0.08231206677257252
0.8628470459752177,0.08241640710504479
0.863083183526337,0.08257485244121274
0.863084138260371,0.08257549629310489
0.8631094754328165,0.08259260340353813
0.8632134163207023,0.08266288236252273
0.8632661176393888,0.08269852672688113
0.8633978154472893,0.0827876619913269
0.8634179219828466,0.08280129340983347
0.8634199489566422,0.0828026680022759
0.8634258692552809,0.08280668435699128
0.8634619582017727,0.08283118786962436
0.863514180929424,0.08286665643673459
0.8635161638385719,0.08286800376569252
0.8635201622973475,0.08287072060186285
0.8635301087739912,0.08287749624820631
0.8635311083886851,0.08287817873250322
0.8636673415912539,0.08297120197310431
0.8638666019282942,0.08310743117246519
0.8639866889735216,0.08318962769507993
0.8640541989514889,0.0832358399842498
0.864056176211323,0.08323719376999424
0.8641065567918957,0.08327169974747065
0.8641827988326205,0.083323936798898
0.8641856905751278,0.08332591946486403
0.8642133722128051,0.0833449034014988
0.864215373482223,0.08334627779420825
0.864293900356534,0.08340022390019093
0.8642949071113327,0.08340091573428714
0.8643079485130356,0.08340987950631425
0.864310908662355,0.08341191723172418
0.8644669856446189,0.08351939412272343
0.8645061205598851,0.08354636933836193
0.8645703243836534,0.08359062587495819
0.8646334429114683,0.0836341695725775
0.8646344477189658,0.08363486306727513
0.864752596055695,0.0837164182970417
0.8648307887730939,0.08377040594021341
0.8658395938020892,0.08446756925724473
0.8659632392036228,0.08455318279453809
0.8659662380477045,0.08455526178127298
0.8659857733748653,0.0845688192842168
0.866122427194526,0.08466378536038721
0.8661234339493249,0.08466448517261127
0.8663249305672376,0.0848047817305796
0.866474025138863,0.08490862815932186
0.8664860878361794,0.0849170312201768
0.8665917598863546,0.08499078759299715
0.8666038225836711,0.08499922313063368
0.8666523752973748,0.08503320786607146
0.8666893610410492,0.08505911784458953
0.86688428590636,0.08519588085012585
0.8668862565753279,0.08519726363421722
0.8669514171731604,0.08524306265003163
0.8671146502542157,0.08535832601257347
0.8672881548046572,0.08548100539724204
0.8672891596121547,0.08548171590199437
0.8673914844562854,0.08555408983860817
0.8674186824668952,0.08557333136865462
0.8674688417042142,0.08560886293408516
0.8674912156887542,0.08562474081076572
0.8676801194982854,0.08575886028116798
0.8676899728431252,0.08576586655073976
0.8677109647516972,0.08578081987676923
0.8691459319377224,0.08680575274247204
0.8691578186451347,0.08681425692484177
0.8692492940997842,0.08687980982764705
0.8696842312131706,0.08719159275667701
0.8696852292659666,0.08719230856172795
0.8697292123124982,0.08722385885828493
0.870072266893713,0.08747061700159235
0.8702062152626957,0.08756713067312737
0.8702092094210835,0.08756929147302596
0.8702102146458599,0.08757001718356203
0.8702132374806942,0.08757220006045058
0.8702294679592751,0.08758392324033501
0.8702365016117578,0.08758901012717653
0.8702424710755063,0.08759333646735833
0.8706509062953264,0.0878897784519371
0.8706518610293605,0.08789047311892623
0.8707154793645224,0.0879367918800642
0.8707184353679743,0.0879389451535936
0.870723425631954,0.08794258032887087
0.8707254352469491,0.0879440480426517
0.8708535164896878,0.08803769736296513
0.8708695560214619,0.08804942928484073
0.871110463162692,0.08822569603430884
0.8712488077962979,0.08832695858058698
0.8712737981636454,0.08834528794484936
0.871313211543005,0.08837420297829263
0.8713270062257807,0.08838433480240729
0.8715629152935416,0.08855784635206701
0.8716231063783243,0.08860215063864343
0.8716240917128083,0.08860287646764904
0.8716461617772286,0.08861913510657943
0.8716672286569026,0.08863470501447225
0.8717221778268957,0.08867532399756284
0.8717252109434811,0.08867756614658771
0.8717343102932376,0.08868429478927971
0.8717353151007351,0.08868503826776146
0.8717363261395968,0.08868578705031531
0.8721765495962902,0.08901195384219567
0.8721775606351521,0.08901270344650104
0.8721895131708491,0.08902157045498336
0.872205278522593,0.08903326840996877
0.8722093226780403,0.08903627006283688
0.8722265519553032,0.0890490623523313
0.8722878452126511,0.08909459824320386
0.8725093912452814,0.08925939707889294
0.872524556828209,0.08927068332243836
0.872687959558158,0.08939229196465752
0.8727430954486316,0.08943335636474366
0.8728986681354824,0.08954922461318295
0.8729147272515444,0.08956118520657022
0.8733477946094462,0.08988372740361043
0.8735162096930748,0.09000916048023717
0.8735272368711695,0.09001737882187702
0.8735447158481028,0.09003040733968924
0.8736008542093123,0.09007226470627196
0.8736532911401124,0.0901114874417236
0.8737006616027533,0.09014695475817806
0.8737117483067757,0.09015528194862074
0.8739022838435653,0.09029840472275129
0.874090992057494,0.09044018603901462
0.8740929969989657,0.09044169418526128
0.8741266760033007,0.09046705283135106
0.8742712976101511,0.09057600828705498
0.8744228531296586,0.09069034546038121
0.8746140310072074,0.09083457470516529
0.8746201330029909,0.09083917858679601
0.8746211144428723,0.09083991983155627
0.8746291342087593,0.09084598154519695
0.8746585253287961,0.09086824898259101
0.874873413927565,0.09103107298778881
0.8748784120010346,0.09103487494872861
0.8748794100538305,0.09103563590194669
0.8749012220544574,0.0910522844789485
0.8749172158895598,0.0910645051891908
0.8750822894040687,0.09119064859079196
0.8751387512642774,0.09123382488397999
0.8751972386101698,0.09127867484822727
0.8752610882847323,0.09132765384558603
0.8752945333523603,0.09135339828185812
0.8753056140233494,0.09136192794142253
0.8753247533641488,0.09137666098976108
0.8755121174372381,0.09152088977875948
0.8755826307980782,0.09157518644497502
0.8756279608157611,0.09161010468524697
0.87575434067349,0.09170752718001465
0.876235846194655,0.09207891345505027
0.8762408882072319,0.09208280755710582
0.8762850283360726,0.09211691628014393
0.8762860279507665,0.09211768929094745
0.8762910403044459,0.09212156685204786
0.8763564836504347,0.09217221216497581
0.8763674794120676,0.09218072463987056
0.8763704453018187,0.09218302074968583
0.8763714563406806,0.09218380381468594
0.8764060343167879,0.09221065480545784
0.8764352992269693,0.09223347478933729
0.8764432585119672,0.09223968132516222
0.8764442295662414,0.0922404396368564
0.8764824319838003,0.09227028706578812
0.8765372144390786,0.09231310373197905
0.8765736999674,0.09234168667757607
0.8765919427315607,0.09235600595164123
0.8767223667447369,0.09245865283442224
0.877227024853518,0.09285645916921632
0.8775355007552523,0.09309977002162714
0.8776740130793232,0.09320918190960495
0.8777377599363744,0.0932595651580078
0.8777387672701006,0.09326036247010844
0.87773977010287,0.09326115722578494
0.8777447732764144,0.09326512286608368
0.8777457619063314,0.09326590686805931
0.8777467729451932,0.09326671045116772
0.8777799830013666,0.0932931697985786
0.8778060472404996,0.0933139398529237
0.8778171686679797,0.0933228065261549
0.8782883127775931,0.0936985207973509
0.8782893123922871,0.09369931899460641
0.878439800250709,0.09381948429060695
0.8784427305497831,0.09382182846565436
0.8785095619321753,0.09387535066993978
0.8785239563837676,0.09388687852932434
0.8800693503149317,0.09512471026426972
0.8800743869835631,0.09512874498971571
0.8800925239925693,0.09514328206991687
0.8805981658252843,0.09554904948909615
0.8805991607359089,0.09554984832712463
0.8806031449144747,0.09555304924407294
0.8806111418320258,0.09555947575010146
0.8806361576997482,0.09557960798422985
0.8806391320634701,0.09558200376593808
0.8806411312928579,0.09558361496256755
0.8808080669467394,0.09571845092524187
0.880812069485575,0.09572168428213101
0.8808290118272516,0.0957353720454735
0.8808625443565289,0.09576249202389166
0.8809574528285652,0.09583925802606214
0.88095844773919,0.0958400628783716
0.8811250121076137,0.09597485067159378
0.8811270267750663,0.0959764833416224
0.88121492221867,0.09604778118122413
0.8813500079043709,0.0961574044841804
0.8813509932388549,0.0961582079840473
0.8813529830601045,0.09615983209261651
0.8813569752712882,0.0961630918359143
0.8813689141987853,0.096172848920213
0.8814275201802677,0.09622075505784995
0.8814504421719478,0.09623951366445758
0.8815969571256539,0.09635958416214707
0.8820344591651647,0.09671828822613447
0.8820976598041865,0.09677018292498246
0.8821230557294956,0.09679106416387523
0.8821492741948956,0.09681262438192619
0.882169543932852,0.09682931209223268
0.8823545640445671,0.09698176740191654
0.8825085047074279,0.09710876399254745
0.8825135599017371,0.09711293534450628
0.8826422417293041,0.09721922323040451
0.8827228506582202,0.09728580618361636
0.8827258118025478,0.09728825896984085
0.8827268152619137,0.09728909068157096
0.882744936848293,0.09730411986347026
0.8827459393190289,0.09730495200342333
0.8841358209296842,0.09846024841407142
0.8846633329616176,0.09889924243355787
0.8846683075147413,0.098903390392187
0.8846821483335799,0.09891493206037197
0.8847997715665903,0.0990131195248492
0.8848107673282233,0.09902230046899903
0.8848117526627073,0.09902312360243791
0.8848127551334432,0.09902396213338063
0.8848495123937589,0.09905474888001276
0.8851086767833627,0.0992723764946724
0.8851096638314718,0.09927320545950032
0.8851541053479007,0.09931055133951647
0.8852308007852904,0.09937501114413963
0.8853009196223225,0.09943394532956008
0.885302926541054,0.09943563245613556
0.8853170639488678,0.09944752881101279
0.8855339803374443,0.09963047296622564
0.8855359961018121,0.09963217392882004
0.8855390117761412,0.09963472128807889
0.8855861614592211,0.09967457347504882
0.8856775833630833,0.09975192004589088
0.8857578422228536,0.09981982325621043
0.8858340299987807,0.09988428211579757
0.8858983816647222,0.09993872700473995
0.8859204517291426,0.09995739999885835
0.8859322757429504,0.09996740884098095
0.8859391888677283,0.09997326736498958
0.8859401742022123,0.09997410274907664
0.8859411595366963,0.09997493849605317
0.8862458265169867,0.10023355784867304
0.8862872105653142,0.10026871072696607
0.8862901717096417,0.10027122699140635
0.8864719133448011,0.1004262247714607
0.8867506222417008,0.10066392785373322
0.8869244188873449,0.10081233076178137
0.8873970482486371,0.10121599343848944
0.8874149770521828,0.10123131970935213
0.8874169599613306,0.10123301699682695
0.8874179624320664,0.10123387542640874
0.8874209643361931,0.10123644660847954
0.8875305867433843,0.10133042220742468
0.8875529971528076,0.10134964585032405
0.8875559943802618,0.10135221919308428
0.8875569991877592,0.10135308542980014
0.8879741358794871,0.10171288113467467
0.8879751366365979,0.10171374489632702
0.8879761400959638,0.10171461105403591
0.8879817950590893,0.10171950051693424
0.8879847973304213,0.10172209767358445
0.8880173942895825,0.10175029819717539
0.88815548187941,0.10186981943028174
0.8882038061097551,0.10191164875459381
0.8882169153424552,0.1019230008993033
0.888336821124218,0.10202692350326899
0.8885047106961217,0.1021726320527
0.8885861421651289,0.10224338365736363
0.8886967521615741,0.10233952771664674
0.8891204459896891,0.10270780947993545
0.8891214494490549,0.10270868186926982
0.8891234543905266,0.1027104250053311
0.8891682752093731,0.10274939881032984
0.8892966771448257,0.10286108782313165
0.8893745185690609,0.10292884873593033
0.8894062451154273,0.1029564803745618
0.889432113066584,0.10297902140645022
0.8894351149707107,0.10298163887010328
0.8895403860817866,0.10307345511765462
0.889580484911222,0.10310845075109557
0.8897473691563478,0.10325415149969044
0.8897483672091437,0.10325502311788533
0.8899241580963513,0.10340881695479057
0.8899251633211277,0.10340969649599421
0.8899342318256307,0.10341763381134496
0.8899372474999598,0.10342027400517766
0.8899431697886149,0.10342545928791637
0.8899945785443013,0.103470503066532
0.8899965614534491,0.10347224122489067
0.8900126009852233,0.10348631912374762
0.8901075643811439,0.10356975172142627
0.8902066272173245,0.10365686021643265
0.8902086287315458,0.10365862271571057
0.8902126209427296,0.10366214305595292
0.8902216174749747,0.10367007918764198
0.8902531481784624,0.10369789864524395
0.8902551821770568,0.10369969336606437
0.8903942194935722,0.10382238152002612
0.8903961616021203,0.10382409614722904
0.8904977581555454,0.10391383774130293
0.8907661975414878,0.10415100156748253
0.8909894378082858,0.10434833443402991
0.8910012888793334,0.1043588101687844
0.8910022896364441,0.10435969483722307
0.8910889990710351,0.10443635581463419
0.8910899844055192,0.10443722762531657
0.8911694343006707,0.10450772965619297
0.8912426667871566,0.10457272845038985
0.8913119353253739,0.10463423712190939
0.8914553290331991,0.10476167447026848
0.8915373774072746,0.10483462508461364
0.8915383764830926,0.10483551425549906
0.891574650501105,0.10486782000424644
0.8917067512306206,0.10498548608474119
0.8917077461412453,0.10498637329226813
0.8917509751926935,0.10502493031004105
0.8917854337472193,0.10505576273849683
0.8918853952166095,0.10514522542217572
0.892030605178825,0.10527525799005008
0.8921346161077404,0.10536873713416374
0.8921465686434374,0.10537948395148018
0.8921968349823308,0.10542472560913879
0.8921978374530667,0.10542562806270907
0.8921988355058625,0.10542652662784481
0.8922149191022845,0.1054410124979785
0.8926929087720029,0.10587196234718144
0.8927806397908414,0.10595132811065046
0.8927856659147233,0.10595588028563777
0.8927876805821758,0.10595771203742987
0.8927926072545957,0.10596219447326362
0.8928477824156467,0.10601247088349557
0.8928588095937414,0.10602253441333422
0.8928786019646806,0.10604061802180693
0.892882633493416,0.10604430446047719
0.8928856491677452,0.10604706249753745
0.8929920652920159,0.10614441017722626
0.8930456939712432,0.10619348377398069
0.8930475789589518,0.10619521160013216
0.8930495936264043,0.10619705839627293
0.8930657702481936,0.10621192901723372
0.8930667555826776,0.10621283483941941
0.8930816274012868,0.10622650694331054
0.8936344321772767,0.10673478697246512
0.8938822958207645,0.10696286942025784
0.8939183186702847,0.10699605308599905
0.8939987616891257,0.10707020186454082
0.894014883474909,0.107085064662845
0.8940178908871167,0.10708783798315216
0.8940188889399127,0.10708875979414377
0.8940318375202512,0.10710072366523367
0.8940497663237968,0.10711729061903447
0.8940517435836309,0.10711911821597865
0.8940528084792844,0.10712010509052752
0.8940538132867819,0.10712103670046931
0.8940648661692545,0.1071312844098289
0.8940817989281586,0.10714702021914721
0.8943280936031287,0.10737599855421101
0.8944341608822716,0.10747463007033468
0.894450432871028,0.10748981091990464
0.8944514498703252,0.10749076109205245
0.8944544903310186,0.10749360709227423
0.8944585268703541,0.1074973944353513
0.894486416120314,0.10752358991956751
0.8949408227853489,0.10795048041866111
0.8950508926033273,0.10805398850387571
0.8950518960626932,0.10805493336612218
0.8950539029814247,0.1080568261235944
0.8950549103151509,0.10805777998135369
0.8950559176488773,0.10805873408217645
0.8951219493395144,0.10812141047798605
0.8953056772220526,0.10829590985291153
0.8953250983075342,0.10831440451414628
0.8955754246752229,0.10855284704140442
0.8955804113245244,0.10855760031400426
0.8955834033141054,0.1085604527715291
0.8956343836634943,0.10860907894935005
0.8957652703554719,0.10873418252146214
0.89576626943129,0.10873513760619957
0.8958084246109528,0.10877543661851878
0.8958144042609564,0.10878115365738142
0.8959415240931989,0.10890271330866072
0.895976910453363,0.10893660401056707
0.8959789025426459,0.10893851192646964
0.8960338456502857,0.10899114045557372
0.8960769944030151,0.10903247203643691
0.8961193637858267,0.10907309796375242
0.896134473791721,0.10908758620881205
0.8961606644686044,0.1091126991669154
0.8965444586183196,0.10948070059143021
0.8966020597923046,0.10953602809790468
0.8966655218170606,0.10959701493224037
0.8967709464867574,0.10969832775499394
0.8970275863392516,0.10994495795987891
0.8970514914106458,0.10996794129443896
0.8970603890798993,0.10997650051836502
0.8977546928858632,0.1106447562399308
0.8979211264776278,0.1108051846121416
0.8981800112452835,0.11105475794741451
0.898765272140256,0.11161899821407475
0.8988780935176002,0.11172776742210563
0.8989611553785734,0.11180784597679369
0.8992039228066084,0.11204189400478874
0.8992452234893862,0.11208171130415719
0.8993325449329734,0.11216589645139334
0.8993960069577295,0.1122270791309107
0.8994876743268216,0.1123154541124358
0.8999285411273719,0.11274048644116469
0.9000262524988216,0.11283468834454859
0.9002883514715625,0.11308749342095098
0.900778019869475,0.11355979842639057
0.9009373870121027,0.11371351449115305
0.900992908468244,0.11376706718468321
0.9010628243759774,0.11383450390986934
0.9011275994081422,0.11389698205232118
0.9013476288824798,0.11410920939334811
0.9013952105419095,0.114155103831322
0.9014573580154503,0.11421504758704301
0.9015085954086178,0.1142644681282946
0.9017884304020705,0.11453438031513023
0.9018154605846656,0.11456045202119096
0.9035526052799371,0.1162359984486249
0.903590647759145,0.11627269196085853
0.9036116712344967,0.11629296995446131
0.9036346969455962,0.11631517918555008
0.9037918724517973,0.11646678132819954
0.9038299149310051,0.11650347484043318
0.903849937288483,0.11652278721529298
0.9040251329164142,0.11669177049531626
0.904694874761328,0.11733776363486473
0.9047264054648156,0.11736817627563494
0.9047845401993708,0.11742424958205501
0.9048436602684102,0.11748127328349915
0.9049557854702861,0.11758942258271404
0.9049930353978438,0.11762535164677615
0.9050534406857753,0.11768361499390387
0.9051415390586778,0.117768589443287
0.9052016061311113,0.11782652656786641
0.9055119526720179,0.11812586837819335
0.9055190040081019,0.11813267263262421
0.9057386027604324,0.11834457655632769
0.9058816441495652,0.1184826057176391
0.9059737025427834,0.11857148160486426
0.9059839842939207,0.11858140843287718
0.9060786736641916,0.11867298307615502
0.9061269978945368,0.11871971772168993
0.9061496177470388,0.1187415935132169
0.9061996736407334,0.1187900028604955
0.9066541270410007,0.11922950739935567
0.9066767468935027,0.11925138319088265
0.906707533727874,0.1192811846870975
0.9068035946599279,0.11937440296093364
0.9069818927294806,0.1195474972496015
0.9071493995917586,0.11971011528156186
0.9071730476193743,0.1197331196713284
0.9072041242121867,0.11976338990632493
0.9072092650877553,0.11976839751994313
0.9072364061567172,0.11979483572656266
0.907363642827041,0.11991879193812438
0.9076555303176601,0.12020365060850077
0.9076706086893056,0.1202183781395919
0.9078066950097153,0.12035133605210015
0.9078246034009609,0.12036883571453556
0.9081320277599654,0.12066938027797582
0.9081368473308109,0.12067409260456459
0.9082509747684346,0.12078570223891155
0.9083169493382321,0.12085024980892574
0.9083916526863388,0.120923438869567
0.9083937090365662,0.12092545398013724
0.9084996110732801,0.12102934649285058
0.9085017408645872,0.12103143722308994
0.90877991731366,0.12130455775106873
0.9088489611085738,0.12137237997878161
0.9091260426179152,0.12164465771163492
0.9092455679748859,0.12176217915830419
0.9093499277489292,0.1218648555484065
0.9097561854407407,0.12226519982538733
0.9099954532138729,0.12250100005241388
0.9100225466167495,0.12252771801279007
0.910026549155585,0.12253166549373103
0.9103577592442293,0.12285867286754572
0.9103587665779557,0.12285966803329977
0.9104184007345518,0.12291873331285123
0.9104485605378878,0.12294878734265051
0.9105636335294108,0.12306352252388461
0.9107754376028385,0.12327480703561618
0.9108661289612253,0.1233653450304618
0.9108721878502882,0.12337141052480614
0.9109708926612061,0.12347023798399227
0.911088104624171,0.123587608988763
0.9112336094409232,0.12373342026113537
0.9112355992621728,0.12373541644648338
0.9112365941727975,0.12373641453915739
0.9113079651319196,0.12380805274061735
0.9113089821312169,0.12380907775845346
0.9113932924905425,0.12389405607560329
0.9115403215318054,0.1240423526673227
0.911547986109926,0.12405008497719405
0.911751564782444,0.12425565916023959
0.911757487071099,0.12426164160602238
0.9119014315870209,0.12440705375850084
0.9119307162174922,0.12443664366494063
0.9119418241807744,0.1244478689742988
0.9120104915901553,0.12451741702138978
0.9120114922248642,0.12451843097181498
0.9120255595298293,0.1245327126290421
0.9120697710597195,0.12457759783747016
0.9121121239653657,0.12462078274092303
0.9121161265042013,0.12462486548302862
0.9121888789125774,0.1246990831028335
0.9123113924034724,0.12482455408103535
0.9123133936728902,0.12482660569452507
0.9123769230313596,0.12489174933797863
0.9123779400306569,0.12489279229553191
0.9124159253890252,0.12493185671106462
0.9124583090520466,0.12497551542488021
0.9124845960624542,0.12500267135947774
0.9126547039629664,0.12517878891880485
0.9126793801656959,0.12520436415907513
0.9126803874994222,0.12520540938310837
0.9128181629646616,0.12534838994323938
0.9128623744945519,0.12539427176477397
0.9129322904022853,0.1254668290639449
0.9131648293405066,0.1257081975158383
0.9132041570386066,0.1257490509525487
0.9133477416932386,0.125898346456799
0.9133958945610648,0.1259484530539344
0.9136208078671927,0.12618276608241405
0.9136318653397326,0.12619428567599789
0.9138107678095212,0.1263812374984348
0.9138128241597486,0.12638338717952158
0.9138738628769911,0.1264472342234244
0.9146079799081923,0.12721569590686102
0.9146491069127414,0.12725874698156334
0.914978122949134,0.127603155579182
0.9150526228042495,0.1276813234091687
0.9151996518455126,0.12783559137496195
0.9152486329655136,0.12788698406364407
0.9153236897488157,0.12796573624198607
0.9154254790850747,0.1280725371413814
0.917609323026631,0.13036390189204472
0.917643252805384,0.13039950219184315
0.9177412150453863,0.13050228756920734
0.9182624998280459,0.13104923762974702
0.9188907148225332,0.13170838257450002
0.918892714051921,0.1317104835105169
0.9189106428554665,0.13172932508765256
0.9189116419312847,0.1317303752811936
0.9189456288308773,0.1317661235651804
0.9191675432929234,0.1319996374696853
0.9192107266476999,0.13204508294899675
0.9192775580300921,0.13211541523840734
0.9194364578203954,0.13228269738488616
0.9194405705208504,0.13228702928633074
0.9194454971932702,0.13229221898123966
0.919448487018272,0.1322953726780003
0.9194543990251759,0.13230161067301122
0.9194723074164215,0.13232050903482903
0.9195099000690171,0.13236021703647952
0.9195283501002246,0.13237971251968583
0.9197584364123934,0.1326228393575675
0.9199228060224013,0.1327966835350438
0.9199726364390972,0.13284945081754337
0.92001807810707,0.1328975753074646
0.9202799371722845,0.13317506049625552
0.9202967438808742,0.13319287076520914
0.9207625072073926,0.13368715550634386
0.9207753165556845,0.13370075428891767
0.9208500199037912,0.1337803215163426
0.9208692063858241,0.13380078694270128
0.9208741809389478,0.13380609315582348
0.9208978289665636,0.13383132023111674
0.9209529993385197,0.13389018149594847
0.9210743741568231,0.1340197024827362
0.9212017675611581,0.1341558433761232
0.9212780029842247,0.13423731351704773
0.9212789978948495,0.13423837769100241
0.9212800003655853,0.13423945028239273
0.9214621158826042,0.13443436683079485
0.9215117767405973,0.1344875537043125
0.9215938287867266,0.13457543889627327
0.9217539303401499,0.1347471458538511
0.9217559318543712,0.13474929280922987
0.921763009126404,0.13475690224115366
0.9218264622191369,0.13482528207543856
0.9218284328881049,0.13482740730637086
0.921829403942379,0.13482845494090342
0.9218602988007305,0.1348618356973347
0.9219137639066443,0.1349196190706285
0.9222324981918997,0.1352644490335265
0.9222335034166761,0.13526553857593193
0.9222344904647852,0.13526661083631483
0.9224396205801088,0.1354894629452276
0.9226217360971277,0.1356873352626872
0.9226237410385995,0.13568951522671033
0.922626748450807,0.13569278540190402
0.9226479802669056,0.13571587578505104
0.9227109559926214,0.135784392201639
0.9228555345498634,0.1359417515703214
0.9228912269145256,0.13598061638125314
0.9229961864573852,0.1360950303460371
0.9230023555080676,0.1361017658184505
0.9230535929012351,0.1361577187206451
0.9231110718446122,0.1362205372365176
0.9233430722149166,0.1364741867767054
0.9233509399897,0.13648279472986108
0.923472892982356,0.13661622536722237
0.9235047844490414,0.13665115800055333
0.9235645809490766,0.13671666428201157
0.9235655662835607,0.13671774409093082
0.9236273560002637,0.13678560576647975
0.9236482847752759,0.13680861057528867
0.9236543656966628,0.13681529732049813
0.923978540741895,0.137172522341992
0.9240702287086157,0.1372736604582382
0.9240801891550299,0.13728467774600367
0.9240821940965016,0.13728689595411625
0.9240852160976805,0.13729023956060638
0.924117089526206,0.13732554628880347
0.9242486418262834,0.13747130404905214
0.924254743822067,0.13747806759365488
0.9242597804906983,0.13748365108106583
0.9246028237732854,0.13786407714204776
0.9246038244079943,0.13786518683257198
0.9246362119240767,0.13790122713722017
0.9246382017453262,0.13790344195937138
0.9248726256712559,0.1381648975613695
0.9251430357261662,0.1384665026282265
0.9254449193637244,0.13880363768391252
0.9254518036666598,0.13881133016151626
0.9254528044237705,0.13881244924014746
0.9255365018325477,0.13890605086488494
0.9255385239102714,0.1389083207223439
0.9262489929138568,0.13970649824217446
0.9262499925285507,0.13970762184483504
0.9262928466869091,0.1397558061455451
0.9267290866994475,0.14024673169007312
0.926877029674145,0.14041347392375003
0.9272785687765951,0.14086644494737066
0.9273133906484614,0.14090574606253262
0.9274464750647445,0.1410560002359591
0.9274494688687521,0.141059388228945
0.9274583665380056,0.14106946037680398
0.9275785345044224,0.14120549795974913
0.9280101110084094,0.14169447488572257
0.9280474219014787,0.14173675340434574
0.9280484168121034,0.1417378812462877
0.9280494002839513,0.1417389961335925
0.9280504172832486,0.14174014915757474
0.9280514283221104,0.14174129600170127
0.9282170012359602,0.14192947705926962
0.928235307223311,0.1419503023973911
0.9282483022143317,0.14196513252053924
0.9283753828223614,0.14211025447059916
0.92838135228611,0.14211707481686667
0.9283823393342191,0.14211820267082917
0.9283833246687031,0.14211932975548772
0.9284682919176848,0.14221652578437183
0.9284902971002819,0.14224170557422727
0.9285271716086368,0.14228407122885406
0.9285931461784344,0.1423599013645533
0.92866796305421,0.1424458975585007
0.9286699970528044,0.1424482380135253
0.9286729714165263,0.14245166161108344
0.9287970453307937,0.14259483432214998
0.928928373533261,0.14274639465805605
0.9291845018750784,0.1430421864908168
0.9292338542805373,0.14309926611750082
0.929495010759424,0.14340131247537058
0.9298059525596069,0.1437615077943294
0.9299379873804613,0.14391448390296763
0.9299419670229603,0.1439191011018647
0.9299869496841858,0.14397135702318212
0.9300746444532608,0.14407325345988473
0.9300966359765266,0.14409884213341304
0.930194598216529,0.14421291139671982
0.9303879318584494,0.144438258983044
0.9304119375121915,0.14446624702820104
0.9304268611715629,0.14448365173828004
0.9305558114670761,0.14463404159183788
0.9308642640011943,0.14499389563605222
0.9309212420387466,0.14506048445120764
0.9310002115995647,0.14515280028765032
0.9310021537081129,0.1451550708941741
0.9310031390425969,0.14515622411938836
0.9313933865790659,0.14561332260352844
0.9313953572480339,0.14561563100605207
0.9313983015676778,0.14561908168107632
0.9313993126065395,0.14562026659541003
0.9316539144690762,0.14591883843453252
0.9316647531484,0.14593158750514168
0.9317187874226803,0.14599516078624203
0.9318883261548259,0.1461951330686193
0.9318998931248553,0.14620877713620892
0.9322247874417132,0.14659262797798198
0.9322837647086534,0.14666247000933255
0.9325299208470416,0.14695398542031388
0.9325319257885133,0.14695636088241879
0.9325369289620576,0.14696230200414812
0.9325436763612415,0.14697031939832494
0.9326639728495476,0.14711327030489074
0.9326659006778858,0.14711556211514998
0.9329733250368902,0.1474810880206778
0.9331552549111802,0.14769746866349387
0.9331562556682911,0.14769866140518495
0.9332282279262519,0.14778456416668084
0.93322922700207,0.1477857570234273
0.9332465159901238,0.14780640948673637
0.9332904990366554,0.14785899890003643
0.9332965028449087,0.14786618283855463
0.9332975198442061,0.1478674010602995
0.9333167760952645,0.14789049496757045
0.9338380608779242,0.14851643664169006
0.9338570535571084,0.14853924701090263
0.9338591099073358,0.14854171837637187
0.9339279976399555,0.14862450911959202
0.9340360661885162,0.1487544691750141
0.9340829215972704,0.14881084645783618
0.9342936974955844,0.14906493233278564
0.9342956644392802,0.14906730838764393
0.9344971867615708,0.14931090468277355
0.9345021848350403,0.1493169482252451
0.9345701586342255,0.1493991818386342
0.9345731146376776,0.1494027591655478
0.9345741153947883,0.1494039703357131
0.934575116151899,0.1494051815058784
0.9345781184232311,0.14940881501637435
0.9347812472691369,0.14965468086445133
0.9347843317944781,0.14965841549007916
0.9348662567875399,0.14975761442970073
0.9348932463842752,0.14979029925912757
0.934916237522235,0.14981814247556235
0.9349192382289527,0.14982177767463054
0.9351968455096591,0.1501581337166936
0.9351978479803948,0.150159348475776
0.9352558256326412,0.15022961997167827
0.935257824862029,0.1502320468335864
0.935287813302846,0.1502685468773078
0.935309625303473,0.15029509701141136
0.9353136216067451,0.15029996177088908
0.9353735984883793,0.15037305859258804
0.9353765904779603,0.1503767053077343
0.9353815771272618,0.15038278633275337
0.9354085667239971,0.15041572309017395
0.9355414216369066,0.1505782305341897
0.9355454012794057,0.15058310068666977
0.9358412872288004,0.15094554540991548
0.9359422483128845,0.15106940077773806
0.9360909664989772,0.15125192969173912
0.936195069229242,0.15137985593593015
0.9365062666237084,0.1517629257203482
0.9365281920070546,0.1517899312944847
0.9366786798654765,0.15197556294035638
0.9366796789412946,0.15197679637313724
0.9367012706186829,0.1520034687953204
0.9367422802771591,0.1520541805311302
0.93687981222724,0.15222430048304678
0.9370183407856548,0.15239577281846348
0.9370213481978625,0.15239949558266522
0.9370293074828605,0.15240934899654016
0.937346228933047,0.1528023868371688
0.937559377543162,0.15306703414932757
0.9375633571856611,0.1530719757150769
0.9376590315857174,0.153191017458986
0.9384719028761103,0.15420351723479395
0.9384871578655694,0.15422251919246044
0.9384881527761941,0.1542237600043317
0.9385190476345456,0.15426230101028202
0.939018740739817,0.15488629107241686
0.9392466528900264,0.15517128054985033
0.9397552690864632,0.15580766638843224
0.9399984415199396,0.1561120188953201
0.9400024073382354,0.15611699109142285
0.9400053817019572,0.15612072514904973
0.9402282957786972,0.15640065951260937
0.9402303007201689,0.1564031799050453
0.9408897189933307,0.1572336523473205
0.9411118598987054,0.15751363418976191
0.9411718367803396,0.15758924838718077
0.9412958505171336,0.15774559685647058
0.9412977783454719,0.15774803198903065
0.9413037623246338,0.15775559231237843
0.9413047614004518,0.15775685492742295
0.9413605714671514,0.15782741509229634
0.941610418019787,0.1581435000825319
0.9416134027516613,0.15814727782173374
0.941614405222397,0.15814854829191313
0.9417377519635406,0.15830500513346807
0.941744728221878,0.1583138596180112
0.9418264501052594,0.15841762197994005
0.9425343486710605,0.1593165134597557
0.9430033066845394,0.15991231919458176
0.9430062986741203,0.15991612055875062
0.9430169017299806,0.1599296057574625
0.9430179666256341,0.15993096061546383
0.9430285696814944,0.15994449307821773
0.9431027910725166,0.16003922031749498
0.9431047960139883,0.1600417835881244
0.943211726225816,0.16017884714557987
0.9432515905591727,0.16022997729629204
0.9432796083310219,0.16026597171038323
0.9432914489282993,0.1602811839198378
0.9433204377544224,0.16031844057270148
0.943425081629484,0.16045300008573585
0.9435875287879129,0.16066197229481968
0.9436572913712873,0.16075183279428498
0.9439497704706029,0.16112857596808736
0.9439916280206275,0.1611824943940761
0.943996952498895,0.16118935503374615
0.9440086663510835,0.1612044484410203
0.9440107961423906,0.16120719269688832
0.9440406132206887,0.16124561227904066
0.9440625012544334,0.16127382605455545
0.9442404326699477,0.16150356686605996
0.9444503517556669,0.16177519322961503
0.9446063377839783,0.16197726428582637
0.9447299172173843,0.16213771540195537
0.9448375509174477,0.16227776796992321
0.9448385423720217,0.16227905901642556
0.9448465210109042,0.1622894510254393
0.9450837137943771,0.1625985974743998
0.9454069279854852,0.16302313183140685
0.9454109144188209,0.16302837571576823
0.9455374836772287,0.1631950715752264
0.9490026908542673,0.16776867650413682
0.9491382295876803,0.16794782750022877
0.9491402300588255,0.1679504755494661
0.9491412325295614,0.16795180263464746
0.9497366384561696,0.16874063716703624
0.9498898365481149,0.168943684255235
0.950010789926077,0.1691040805693739
0.9500117901616495,0.16910540756641718
0.9500396951949993,0.16914246701556224
0.9501034781283701,0.16922718890830207
0.9501094795418057,0.16923516300890812
0.9502998388200042,0.16948865495822024
0.9503945166117267,0.16961534465788217
0.9504093223333644,0.1696351703186443
0.950410322568937,0.16963650996754615
0.9506442324073099,0.16994986451860597
0.9506840967406667,0.17000337360469314
0.9507848579018119,0.17013864374168414
0.9508188448014046,0.17018428956500298
0.9508198472721404,0.1701856375673078
0.95082483031381,0.17019235600937221
0.9510319616985513,0.17047164953717794
0.9510359085643104,0.1704769896396217
0.9510418308529656,0.17048500917956894
0.951043804285845,0.17048768146130536
0.9512927083446265,0.1708248875950885
0.9512947088157717,0.1708276051279265
0.9513097030361803,0.17084800405939382
0.9513117011878164,0.1708507225014441
0.95172496332259,0.17141297243549342
0.9518475461476622,0.17157985735930906
0.9518535156114107,0.17158798649398513
0.9518614472480024,0.1715988140800529
0.952331045062886,0.1722401189851123
0.9525429633779932,0.17252982604749553
0.9527228940228953,0.1727765395316679
0.952782116909446,0.17285796087298536
0.9527890812838192,0.17286755586230323
0.9528236469077084,0.1729152444935581
0.9528576338073009,0.17296215799264414
0.9528586362780368,0.1729635433096714
0.9528606097109164,0.17296627288305114
0.9529582773276405,0.17310136902345816
0.9531536125610888,0.17337169030038493
0.9531655805194125,0.17338827916286254
0.9532283668444494,0.17347538104147553
0.9533130785528326,0.1735930661998918
0.953339941139701,0.173630431942173
0.9536268305568507,0.17403162891620633
0.9536517457651986,0.17406647729452138
0.9536577503078628,0.174074878314854
0.9536657429144072,0.17408607587930214
0.9536677410660434,0.17408887869615816
0.9536768404157998,0.17410165406901834
0.9536838457155746,0.17411149413713242
0.95375181951476,0.17420699065177292
0.9537620060644978,0.17422137976174276
0.953787710442341,0.1742576995032568
0.9539312220424254,0.17446084468758521
0.9539999880174659,0.1745582872651771
0.9541679232860414,0.17479629070552724
0.9541699214376774,0.17479912564824915
0.9543443278961135,0.17504849303052405
0.9544111006544861,0.17514416354426837
0.9544200766232289,0.17515704462993403
0.9544270528815664,0.17516710490918438
0.9544280519573844,0.17516854783255442
0.9545795364241403,0.1753875863707456
0.9547094863343475,0.1755757247238887
0.9547105787704058,0.1755773074641618
0.9549844731965347,0.17597415132050162
0.9550114627932701,0.17601325637203877
0.9550274297479774,0.17603653759830992
0.9550284288237955,0.17603800087313687
0.9550343775512391,0.17604672034757757
0.9550508283530588,0.17607084787755184
0.9550617989815222,0.1760869419644833
0.9552119125481264,0.17630845540237167
0.9553774487414365,0.1765531433169224
0.9553784478172546,0.17655462132244854
0.9553814450447088,0.176559075436725
0.9553854480731515,0.17656502750346828
0.955537140622966,0.17679071070698563
0.955976032988339,0.17744379185824025
0.956098973355509,0.17762755878480563
0.9561049220829527,0.17763645473685202
0.9561079551995382,0.1776409949653647
0.9561119561418284,0.17764699504576784
0.9561139576560499,0.17765000031051245
0.9561149491106239,0.17765149598843943
0.9561169711883475,0.1776545588361161
0.9561239524973697,0.17766513903310507
0.9561259540115912,0.17766818710274715
0.9561738548757129,0.17774150492864946
0.9561748522055733,0.1777430316982752
0.9564777354578254,0.17820760279993908
0.9564787269123994,0.17820912688350807
0.9564837392660788,0.17821683311845743
0.9564877285855201,0.17822296836562762
0.9565886896696042,0.17837979225322104
0.9565926554879,0.17838595491769302
0.9567959635880195,0.17870231575776382
0.9567969638235921,0.1787038738925763
0.9568069371221952,0.17871941276291856
0.9568239305719916,0.17874591439455212
0.9568319324565723,0.1787584369907383
0.9569220201808227,0.17890019713669578
0.9569250421820016,0.1789049822757882
0.9569458627280546,0.17893804886059123
0.9570734285947964,0.17914070843631957
0.9573161960228315,0.17952674555307427
0.957504338359642,0.17982714381619141
0.9575063433011137,0.17983035522483487
0.9575153349834763,0.17984477760704726
0.9575703137916408,0.17993302825619836
0.9576454990968322,0.18005371770350984
0.9576505114505115,0.1800617697139151
0.9576651996664219,0.18008542634594532
0.9576692656316445,0.18009200529404282
0.957727039280892,0.18018549567109748
0.9577290442223637,0.1801887424975362
0.957735059046779,0.1801984846573515
0.9577400322851009,0.18020655745343955
0.9577449895579706,0.18021460534094158
0.9577489925864133,0.180221113668003
0.9577499928219859,0.18022274160398288
0.9577589845043485,0.1802373824344706
0.9577599759589225,0.18023900380988173
0.9577718734138099,0.18025851712609917
0.9577759393790324,0.18026518690270724
0.9584125082963187,0.18130953069168698
0.9584144912054665,0.1813127857062926
0.9584154914410391,0.1813144316673601
0.9589310478194936,0.18216558708804054
0.9589320502902294,0.1821672427744845
0.9591415666740292,0.18251372293249804
0.9592375296846438,0.1826736187166829
0.9592396888523826,0.18267722330927277
0.9592427108535615,0.1826822727223062
0.9592502679406474,0.18269495098659547
0.9593270067823592,0.1828240868155455
0.9593718541573855,0.18289969648464888
0.9593758199756813,0.18290641235403549
0.9593768146233457,0.18290810005082267
0.9593867610999893,0.1829250036715914
0.9596468894037622,0.1833675102976989
0.9597192655876606,0.18349204098483038
0.9597212548829893,0.18349546799154973
0.9597968257538483,0.18362566149954654
0.9597978282245841,0.18362739042775036
0.9598018068152416,0.18363425666867914
0.9598167265302071,0.18366011553641878
0.9598227279436427,0.18367053136950862
0.9598511897001998,0.18372016024324908
0.9598531946416715,0.18372367577133625
0.9598810447762738,0.18377255930599265
0.9599338650179715,0.18386577300827472
0.9600346261791167,0.18404430502012514
0.9600904362458162,0.1841438545806319
0.9603146763420481,0.18454394445444694
0.9603248412551043,0.1845622271131142
0.960327848667312,0.18456763851173044
0.9603328219056338,0.18457658756916606
0.9604215200473527,0.18473637952933464
0.960422514695017,0.1847381829072725
0.9606322624182174,0.1851214588023425
0.9606332713150477,0.1851233131536366
0.960635304297659,0.18512707151244384
0.9607021356800511,0.185250783418323
0.9607051623705422,0.18525639894006599
0.9607479322201099,0.18533597127682025
0.9607499652027212,0.18533977102223992
0.9608205851868912,0.1854722206723233
0.9608362526171955,0.18550172294472422
0.9608503771728204,0.18552832962112747
0.9608533794441525,0.18553398760754952
0.9610119520878287,0.1858339805459469
0.9610139413831574,0.18583775704666894
0.9610210036609699,0.18585117868420103
0.961023987603963,0.18585685154483841
0.9610477825137378,0.18590229392392812
0.9610497654228857,0.18590608950193038
0.9610517238516737,0.18590985058203777
0.9610588392908129,0.18592357828642728
0.9610658018244636,0.1859370238138516
0.9610668183157692,0.185938988761394
0.9611239808975728,0.18605025964094715
0.9611249799733909,0.18605220443581222
0.9611259888702212,0.18605416971915473
0.9611643269497742,0.1861288723958262
0.9612265315441547,0.18625008271466997
0.9613098532735633,0.18641244135535898
0.9613686531652645,0.1865271338469932
0.9614035344569518,0.18659518948500553
0.9614147158613136,0.18661702571233058
0.9614167336549743,0.18662097273047668
0.961418751448635,0.18662492131176786
0.9614197460962993,0.18662687107853024
0.9614207407439637,0.18662882527902094
0.9615925277746129,0.1869670165503037
0.9616530615844336,0.1870865148898952
0.961654070481264,0.18708851279428126
0.9616550729519997,0.18709049978097153
0.961662188391139,0.1871046154170795
0.9616641865427751,0.18710858664102026
0.961666169451923,0.1871125275964794
0.9616712139360747,0.18712256772843422
0.9617521390773371,0.18728451634998036
0.961754121986485,0.1872884897654329
0.9617611842642975,0.18730268344287138
0.9617681777950238,0.18731676319993268
0.9617913824221217,0.18736351214072866
0.9618155959460499,0.18741241787576202
0.9618802480442338,0.18754302401698206
0.9618812471200519,0.18754504653817197
0.962026605376755,0.1878398827511363
0.9620306409640764,0.18784809115896237
0.9620943878211276,0.1879785306244145
0.9620953967179579,0.1879805969868665
0.9620973948695939,0.18798469717103666
0.9621393560539523,0.18807154282637628
0.9621423532814064,0.188077761922022
0.9621443425767351,0.1880819008263488
0.9621473398041893,0.18808813682233153
0.9621544020820018,0.18810284316009823
0.9621584376693232,0.18811124688418052
0.9621594658444369,0.1881133881562422
0.9621635014317583,0.18812183846717226
0.9621957861303293,0.1881895582161174
0.9621967852061475,0.18819165692839132
0.9621977798538118,0.1881937535513513
0.9623081857445565,0.18842657684825356
0.9623091848203745,0.18842868827384407
0.9623101937172048,0.18843082729691593
0.9623132204076958,0.18843736194795271
0.9623142194835139,0.18843952303414319
0.9623152185593321,0.18844168799015557
0.9623272074691487,0.18846796923228626
0.9623292056207847,0.18847243343347558
0.9623332019240569,0.18848136351066241
0.9623948924308805,0.18862070079538237
0.9625324701701367,0.1889316242593193
0.9625444998189672,0.1889588110709691
0.9636567480208398,0.19147247400476908
0.9636596545927958,0.1914791823766081
0.9637518819004971,0.1916921145689086
0.9639068990714899,0.19205001448907755
0.9641762414060896,0.19267305253496675
0.964214026841519,0.192760569440821
0.9643448225795441,0.1930649743125221
0.9644378479469766,0.19328460574916118
0.9646686977403681,0.1938489057487656
0.964893917050994,0.19442973770579836
0.9649872606631045,0.19467589302880509
0.9650625377696452,0.19487440538606857
0.9653154688476221,0.19554140690647384
0.965332531658438,0.1955864030407869
0.9653987755121938,0.19576109391517874
0.965469719595041,0.19598884575286027
0.9656506784150569,0.19657251503583612
0.9659313702211044,0.19751750509808874
0.9662326255294265,0.19853172520153203
0.9662713416406055,0.19866206865839445
0.9663378539341693,0.19888599203300428
0.9663769245884909,0.19901752911126655
0.9664603131356455,0.19929826886450872
0.9665497643705399,0.19959941954368812
0.9665894732025182,0.19973310514047013
0.9666419101333183,0.1999100199949458
0.966780456729893,0.200378142995689
0.9668942628627937,0.20076267260344238
0.9671842210970536,0.20174238716928355
0.9672505255397001,0.20196641746249638
0.9672970825940685,0.2021237250293046
0.9675316221896987,0.20291619039484846
0.9675791238799528,0.20307668970938897
0.9676187086218313,0.20321043913817274
0.9676551445774241,0.20333354940784873
0.9677026462676782,0.20349404872238927
0.9677264715668653,0.20357454994598326
0.967745333262055,0.2036382800813285
0.9677473187036539,0.203644988516628
0.9679210448435596,0.2042319766053342
0.9679538046299418,0.20434266578777596
0.9680282586899014,0.2045942321115072
0.9680609161019511,0.20470457539025383
0.9680837486803388,0.20478172239619807
0.9681320729106839,0.2049450009196484
0.9681628472554672,0.20504898166679067
0.968182382582628,0.20511509083672572
0.9682481857899066,0.20533777435650694
0.9683191298727537,0.20558117869344097
0.9683273552736635,0.20560949130641545
0.9683612850524165,0.20572911096806523
0.9683715668035537,0.20576535935038337
0.9689051896875781,0.20766559165643933
0.9689334028126987,0.20776616256558886
0.9690150193532264,0.20805709983848578
0.9693223408947195,0.20915260438457908
0.9693336508209704,0.20919292071113318
0.969374929027742,0.20946316761014427
0.9693965509455749,0.2096047255096263
0.9694270181934301,0.2098055008758458
0.9695144886792083,0.2103822992744515
0.9696245638972661,0.2111101443773689
0.9697375875586648,0.2118574853312573
0.9697818142087774,0.21214994163074075
0.9699007347568577,0.21293670621881824
0.9699705145825908,0.21339889761265673
0.9700402944083238,0.21386108900649523
0.9700609335117097,0.21399779350326437
0.9701005047249683,0.2145178954638848
0.9701887789699297,0.21567838636229422
0.9702484934527067,0.21646760000581908
0.970295851198445,0.21709350141742206
0.9703248400245682,0.21747754019721027
0.9704058088147742,0.2185502002373083
0.9704210285121814,0.2187519475146784
0.9704560150264679,0.21921579316020062
0.9705761572885069,0.22080862017444858
0.9708037438499303,0.22382592663233297
0.970897707631157,0.22507168350887835
0.9709356929895253,0.22557528735258817
0.9713915172899443,0.23161853347710623
0.9714394987952516,0.23225466464810812
0.9714964768328039,0.2330100704136729
0.9720322703087351,0.24011353515652742
0.9720912475756752,0.2408954463875506
0.9721212360164923,0.24129302836942676
0.9721832121275141,0.24211469779863756
0.9722841732115982,0.24345322380428738
0.9723047367138727,0.24372639646873476
0.9724336013281265,0.2454382784992716
0.9725240807381346,0.24664023822284
0.9731286477050061,0.25467151455759257
0.9733414799535475,0.2574988516346228
0.9735388895753831,0.26012130921331755
0.9744210638229609,0.27184041651810964
0.9744673317030786,0.27245505501311623
0.9745948254171808,0.2741487255326899
0.9746578011428966,0.2749854447809854
0.9747077818775917,0.27564950767645796
0.9759553010155805,0.2922245175474538
0.9760002836768061,0.2928221741533792
0.9760162775119084,0.2930346742799304
0.9761530248020341,0.29485155036194344
0.9762889366998799,0.2966573271069893
0.9764782066020652,0.2991720384260161
0.9768225167432746,0.3037466728467988
0.9770834161783828,0.30721308116116575
0.9773804088440459,0.3111590377521918
0.9782824295770426,0.32316196553280285
0.9783301179622517,0.32379997673988503
0.9783564987710908,0.32415354293145915
0.9784204215002007,0.3250104599015639
0.9784965199872364,0.32603097799077696
0.978571019842352,0.32728244098460435
0.9787613791205505,0.33048013300464935
0.97889423403346,0.3327118555603057
0.979501995687292,0.34292115352013686
0.9795535513251376,0.343787195108899
0.9795713975074687,0.3440869787357782
0.9796596369645504,0.3455692422242366
0.9796854147834732,0.34600226301861764
0.9798450389698793,0.3486845002653299
0.979889336181029,0.34942884629675774
0.9799879981513171,0.35108670791221086
0.9800534372132429,0.35218631000409306
0.9801782748083012,0.35428401245629904
0.9803607024499081,0.3573494264525416
0.9803959388678682,0.3579415198866319
0.9804724522325814,0.3592272084863711
0.9805577173259411,0.36065995633244097
0.980782777514228,0.3644423244646571
0.9808085553331508,0.36487555052002046
0.9812933766198129,0.37302353286897044
0.9815491718998922,0.37732246834142263
0.9815501633544662,0.3773391334757911
0.9815713052052422,0.377694615608772
0.9820491863098866,0.38574643676340087
0.9822355797697894,0.3888869811141689
0.9824570780657179,0.3926190070250896
0.9824624025439854,0.3927087191864098
0.9825268470912921,0.39379454569066474
0.982563090264051,0.394405207092203
0.9825963131724134,0.394964980043613
0.9826335845202859,0.39559296517285447
0.9857380179021067,0.486889744752295
0.9857973950149245,0.48863601671728524
0.9859270350445765,0.492448710507514
0.9860269865178197,0.4953882683152476
0.9861394224415466,0.4986950319167887
0.9861543475641653,0.49913409864888053
0.986316645005867,0.5039127678964439
0.9865046725297899,0.5094515335566973
0.9867857241971272,0.5177305306488655
0.9868262985575527,0.5189257379755517
0.987076672049934,0.5263010417231524
0.9875962217870893,0.5416055257843789
0.9878436264238298,0.548893375337344
0.9879376401857912,0.5516627581674707
0.9881296261839019,0.5573181294205716
0.9882018683378301,0.5594461814900373
0.9883176537078248,0.562856895080825
0.9972225454141362,0.8958007033535035
0.9973199472790046,0.8994442311646573
0.9973912952877894,0.9021131580340602
0.9977425331734142,0.9152720628054389
0.9978310803232947,0.9185894256547831
0.9979274983309423,0.9222059876077927
0.9980189970524855,0.9256380310938122
0.9983574439364731,0.938332901622744
0.9984420556574699,0.9415066192549769
0.9985611023811981,0.9459719661561419
0.9985929426427845,0.9471662792841203
0.9986745333130996,0.9502298390322018
0.998771935177968,0.9538870762070747
0.9988870464728127,0.9582092655955609
0.9989480456205081,0.960499656553562
0.9990031416248781,0.962568396773692
0.9991076174832085,0.9664912476706257
0.9995951714887501,0.9847978851896497
0.9997830882179409,0.9918537670118792
0.9998517437819865,0.9944321618567431
0.9999313444359524,0.9974216051551359
0.9999373144849999,0.9976458134025152
0.999974129787459,0.999028430928022
0.999999999999998,0.9999999999999997
