nivel_id,nivel_nombre,t_min_medio_ponderado,poblacion_con_acceso,poblacion_sin_acceso_enrutable,pct_poblacion_con_acceso,n_puntos
160401,RAMON CASTILLA,4909.0656735192415,40216.448275862065,0.0,100.0,29
160403,YAVARI,4827.886919981061,5450.322580645161,0.0,100.0,31
160404,SAN PABLO,3861.929136835856,21617.750000000004,0.0,100.0,20
160804,YAGUAS,2785.069857142857,1305.0000000000002,0.0,100.0,7
160402,PEBAS,2206.4397842601034,12693.857142857143,0.0,100.0,35
160206,LAGUNAS,1746.205269943594,4898.684210526315,1125.0,81.32,19
160305,URARINAS,1741.7793744333637,12868.333333333334,727.2222222222223,94.65,36
160504,EMILIO SAN MARTIN,1524.6543553084464,4931.083333333332,0.0,100.0,12
160505,MAQUIA,1340.9694106569182,12036.0,0.0,100.0,17
160105,LAS AMAZONAS,1172.4604994850667,3803.083333333333,0.0,100.0,24
160705,PASTAZA,983.6564775413711,555.1875,1874.25,22.85,32
160304,TROMPETEROS,891.0434380692169,2781.6,4453.599999999999,38.45,15
160210,SANTA CRUZ,867.0311463963965,2829.4117647058824,0.0,100.0,17
160801,PUTUMAYO,707.8753558718862,1100.5833333333333,0.0,100.0,12
160701,BARRANCA,596.9580549530008,1807.12,36075.76000000001,4.77,25
160703,MANSERICHE,447.50525835275835,6864.0,0.0,100.0,18
160706,ANDOAS,443.425,3930.8500000000004,3495.8000000000006,52.93,40
160704,MORONA,442.8249455337691,2363.5862068965516,0.0,100.0,29
160604,PAMPA HERMOSA,295.1992819843342,7218.076923076923,0.0,100.0,13
160702,CAHUAPANAS,292.675232300885,3529.9047619047615,1948.4761904761904,64.43,21
050411,PUCACOLPA,267.1444289951798,3424.761904761905,0.0,100.0,21
050608,LARAMATE,263.18056776556784,707.3962264150941,0.0,100.0,53
050607,HUAC-HUAS,262.11847677595625,957.6999999999999,0.0,100.0,40
160602,INAHUAYA,255.725,242.0,0.0,100.0,3
050612,OCAÑA,255.1382275132275,1462.695652173913,0.0,100.0,46
050610,LLAUTA,254.746556372549,2151.2727272727275,0.0,100.0,22
050511,ORONCCOY,222.10207454289733,948.0,0.0,100.0,10
050803,CORCULLA,219.93166666666667,37.800000000000004,0.0,100.0,5
050613,OTOCA,213.61690335305724,3259.285714285714,0.0,100.0,42
200303,EL CARMEN DE LA FRONTERA,212.3223083778966,3740.0,0.0,100.0,11
050618,SAN PEDRO DE PALCO,203.16938936781608,903.2533333333334,0.0,100.0,75
050809,SAN JOSE DE USHUA,193.54179012345676,648.0,0.0,100.0,3
050301,SANCOS,193.52445652173915,179.39999999999998,0.0,100.0,80
051004,ASQUIPATA,190.13833333333332,4.25,0.0,100.0,4
050619,SANCOS,189.959932885906,3486.6000000000004,0.0,100.0,60
200307,SONDOR,185.58141564368904,7983.230769230768,0.0,100.0,13
050902,BELEN,185.435,100.0,0.0,100.0,1
050903,CHALCOS,179.48933333333332,288.0,0.0,100.0,5
050806,OYOLO,175.23101741293527,2599.6000000000004,0.0,100.0,25
160606,VARGAS GUERRA,169.1,190.5714285714286,0.0,100.0,7
200304,HUARMACA,168.81267597551644,40539.92982456141,0.0,100.0,114
050703,CORONEL CASTAÑEDA,168.34111851851853,867.8571428571429,0.0,100.0,28
051012,VILCANCHOS,167.7854471544715,478.63043478260875,0.0,100.0,46
050205,PARAS,166.34016265060237,3212.588235294118,0.0,100.0,85
050909,SAN SALVADOR DE QUIJE,163.415268115942,862.5,0.0,100.0,12
200201,AYABACA,163.13345544506188,26592.22222222222,0.0,100.0,81
200209,SICCHEZ,161.9314869281046,396.66666666666663,0.0,100.0,9
050609,LEONCIO PRADO,160.99522700119476,2186.7567567567567,0.0,100.0,37
200301,HUANCABAMBA,159.73688411849872,23088.85714285714,0.0,100.0,28
050910,SANTIAGO DE PAUCARAY,158.21333333333334,832.0,0.0,100.0,11
050802,COLTA,156.12805555555556,198.85714285714286,0.0,100.0,7
050907,PAICO,156.0440251572327,1219.0,0.0,100.0,6
050904,CHILCAYOC,154.9344559841741,1179.5,0.0,100.0,4
200308,SONDORILLO,150.1791849622285,11296.0,0.0,100.0,13
050621,SANTA LUCIA,149.23964646464654,652.8260869565215,0.0,100.0,23
050911,SORAS,146.72277777777776,68.86956521739131,0.0,100.0,23
050206,TOTOS,146.36337325349302,2560.666666666667,0.0,100.0,24
050908,SAN PEDRO DE LARCAY,146.16683508771928,1820.8333333333335,0.0,100.0,12
051011,SARHUA,141.4932142857143,54.32,0.0,100.0,25
050704,PACAPAUSA,140.13458333333335,15.272727272727273,0.0,100.0,11
200203,JILILI,139.07372639101584,2612.0,0.0,100.0,6
160605,SARAYACU,138.6839078822412,16848.0,0.0,100.0,17
200206,PACAIPAMPA,136.85214426512258,31598.32142857143,0.0,100.0,56
050505,CHUNGUI,136.4125114155251,584.0,0.0,100.0,14
050905,HUACAÑA,130.44527777777776,22.666666666666668,0.0,100.0,9
200204,LAGUNAS,129.65835028248588,3471.923076923077,0.0,100.0,13
200305,LALAQUIZ,129.46329436450839,2184.285714285714,0.0,100.0,14
200205,MONTERO,128.77370844564243,5936.0,0.0,100.0,14
160502,ALTO TAPICHE,128.58321705426357,3177.222222222222,0.0,100.0,9
160506,PUINAHUA,126.84415213178295,2752.0,0.0,100.0,7
160507,SAQUENA,126.71567689161553,3124.166666666667,0.0,100.0,6
160501,REQUENA,126.5983765266607,4358.21052631579,0.0,100.0,19
160503,CAPELO,126.58333333333333,7337.0,0.0,100.0,6
160509,TAPICHE,126.58333333333333,1905.0,0.0,100.0,4
160510,JENARO HERRERA,126.58333333333333,1596.0,0.0,100.0,5
160302,PARINARI,126.37267687819107,3786.5714285714294,0.0,100.0,7
160511,YAQUERANA,126.21495163690476,3384.8888888888887,0.0,100.0,9
050106,OCROS,125.11418609815678,5816.375,0.0,100.0,32
051003,APONGO,124.80349798387095,1893.818181818182,0.0,100.0,11
050906,MORCOLLA,124.67083848797252,1882.941176470588,0.0,100.0,17
051103,CARHUANCA,120.8523872679045,1413.75,0.0,100.0,8
050707,SAN FRANCISCO DE RAVACAYCO,120.139,373.6666666666667,0.0,100.0,15
160301,NAUTA,119.99769052142709,12375.945945945945,0.0,100.0,37
050901,QUEROBAMBA,118.30781871345027,2255.217391304348,0.0,100.0,23
050402,AYAHUANCO,116.51571065989849,774.8666666666666,0.0,100.0,15
051107,SAURAMA,115.22082725060828,1187.3333333333333,0.0,100.0,3
050805,MARCABAMBA,114.09945972495086,1951.166666666667,0.0,100.0,6
050606,CHIPAO,113.46435049019607,1063.7142857142858,0.0,100.0,56
200306,SAN MIGUEL DE EL FAIQUE,112.88520563646169,9723.2,0.0,100.0,15
050808,SAN JAVIER DE ALPABAMBA,112.77406084656086,461.99999999999994,0.0,100.0,6
051105,HUAMBALPA,111.56566580756015,1446.181818181818,0.0,100.0,11
050304,SANTIAGO DE LUCANAMARCA,111.31904761904758,2394.264150943397,0.0,100.0,53
051106,INDEPENDENCIA,110.23457627118643,472.0,0.0,100.0,9
200208,SAPILLICA,110.13400435323382,10354.545454545456,0.0,100.0,22
050614,SAISA,108.2207643884892,2135.04,0.0,100.0,25
160211,TENIENTE CESAR LOPEZ ROJAS,105.21937978560489,2612.0,0.0,100.0,15
050602,AUCARA,104.90206400575332,3618.8653846153848,0.0,100.0,52
200302,CANCHAQUE,101.75264767600461,12206.368421052632,0.0,100.0,19
050801,PAUSA,101.37798701298699,581.7777777777778,0.0,100.0,9
051104,CONCEPCION,101.07876876876878,1295.0,0.0,100.0,18
051008,HUAMANQUIQUIA,99.96892655367232,672.5999999999999,0.0,100.0,15
050303,SACSAMARCA,97.91690476190476,54.44444444444444,0.0,100.0,54
051005,CANARIA,97.44022366522367,3564.0,0.0,100.0,42
050804,LAMPA,96.95998800959234,532.8333333333334,0.0,100.0,12
200207,PAIMAS,90.59857934700076,8623.214285714284,0.0,100.0,14
200403,CHALACO,89.40303085299456,10713.888888888889,0.0,100.0,18
200210,SUYO,88.10311877006251,15558.514285714287,0.0,100.0,35
050302,CARAPO,86.64635051546391,1901.7105263157896,0.0,100.0,38
050202,CHUSCHI,85.34342257001649,4669.2307692307695,0.0,100.0,26
200410,YAMANGO,85.2425482689747,11415.199999999999,0.0,100.0,20
050502,ANCO,83.94553489343919,9394.740740740743,0.0,100.0,27
160303,TIGRE,83.92254847129007,3533.4285714285716,110.66666666666667,96.96,21
050708,UPAHUACHO,83.60813888888889,701.9999999999999,0.0,100.0,40
200202,FRIAS,83.31798882681564,26603.37777777778,0.0,100.0,45
051101,VILCAS HUAMAN,82.64543956043957,3966.9259259259256,0.0,100.0,27
050807,PARARCA,82.1412850877193,1266.6666666666667,0.0,100.0,3
050620,SANTA ANA DE HUAYCAHUACHO,79.21708333333333,13.333333333333334,0.0,100.0,3
160202,BALSAPUERTO,79.13356060606061,14843.399999999998,0.0,100.0,40
160102,ALTO NANAY,77.42550346247425,7034.950000000001,0.0,100.0,20
050810,SARA SARA,77.05151515151515,41.25,0.0,100.0,4
050114,VINCHOS,76.73779623011701,18565.51388888889,0.0,100.0,72
200706,MANCORA,75.27833333333334,120.0,0.0,100.0,2
051102,ACCOMARCA,75.13823724320743,1868.2857142857142,0.0,100.0,7
200407,SAN JUAN DE BIGOTE,74.56231554524362,16521.666666666668,0.0,100.0,12
050615,SAN CRISTOBAL,74.05569253570468,4741.833333333333,0.0,100.0,24
200409,SANTO DOMINGO,73.43195626991022,4604.0,0.0,100.0,15
050510,ANCHIHUAY,72.90474335748792,4195.2,0.0,100.0,15
050705,PULLO,72.44559829059828,910.9285714285714,0.0,100.0,56
160601,CONTAMANA,68.69781864841744,4559.1,0.0,100.0,30
200604,LANCONES,68.40188835470084,9784.320000000002,0.0,100.0,50
160205,JEBEROS,68.15068085106384,1812.8571428571427,0.0,100.0,14
050409,CANAYRE,66.63707920792079,848.4000000000001,0.0,100.0,5
050406,SANTILLANA,66.32293918918917,2863.4782608695655,0.0,100.0,23
050102,ACOCRO,65.54984076433121,3695.538461538462,0.0,100.0,26
200111,LAS LOMAS,64.88403843173718,16849.5,0.0,100.0,24
200406,SALITRAL,62.303524547803626,13437.5,0.0,100.0,6
051002,ALCAMENCA,61.217711838006224,4280.0,0.0,100.0,9
050103,ACOS VINCHOS,61.06481254781946,4966.599999999999,0.0,100.0,15
050410,UCHURACCAY,60.668736559139795,3673.4999999999995,0.0,100.0,20
050603,CABANA,60.274102564102556,50.91666666666667,0.0,100.0,24
200408,SANTA CATALINA DE MOSSA,59.72105670103093,2222.181818181818,0.0,100.0,11
050617,SAN PEDRO,59.304749763928235,1355.0645161290324,0.0,100.0,31
200705,LOS ORGANOS,58.94666666666667,61.2,0.0,100.0,5
050506,LUIS CARRANZA,58.69800741918388,2467.6153846153848,0.0,100.0,13
050412,CHACA,58.692774294670855,1244.1,0.0,100.0,10
050701,CORACORA,57.019939429464635,3334.4545454545455,0.0,100.0,110
050706,PUYUSCA,56.265266666666676,192.10526315789474,0.0,100.0,19
050509,SAMUGARI,50.43274719969099,6558.8,0.0,100.0,15
050111,SANTIAGO DE PISCHA,49.30494092827005,2977.6923076923076,0.0,100.0,13
200801,SECHURA,49.25234279588568,144038.27272727274,0.0,100.0,22
051108,VISCHONGO,47.330286953620295,3838.2631578947367,0.0,100.0,19
051010,HUALLA,47.179757462686574,2121.6666666666665,0.0,100.0,24
160113,SAN JUAN BAUTISTA,47.05778487927455,11934.79411764706,0.0,100.0,34
050604,CARMEN SALCEDO,44.74863636363636,42.26315789473684,0.0,100.0,19
050105,CHIARA,43.05569542375225,9242.166666666668,0.0,100.0,24
050504,CHILCAS,42.42322019147084,1532.0,0.0,100.0,12
160103,FERNANDO LORES,40.46624728378966,11823.024390243902,0.0,100.0,41
051001,HUANCAPI,39.80416666666667,31.085714285714285,0.0,100.0,35
200402,BUENOS AIRES,39.670240584223016,16699.428571428572,0.0,100.0,7
050204,MARIA PARADO DE BELLIDO,39.6536445051609,4218.631578947368,0.0,100.0,19
050407,SIVIA,39.31958518518518,6075.0,0.0,100.0,35
200806,RINCONADA LLICUAR,38.32,6.666666666666667,0.0,100.0,3
200804,CRISTO NOS VALGA,38.31720172201722,1151.75,0.0,100.0,4
050109,SAN JOSE DE TICLLAS,38.15320738874895,1479.7272727272725,0.0,100.0,11
050112,SOCOS,37.97740613980501,6428.0,0.0,100.0,15
200114,TAMBO GRANDE,35.73655580208565,88230.25423728813,0.0,100.0,59
200803,BERNAL,35.166967752550185,4052.0,0.0,100.0,5
050108,QUINUA,33.92391692749088,9940.0,0.0,100.0,18
051006,CAYARA,33.72830484330484,468.0,0.0,100.0,8
200507,VICHAYAL,33.42666666666666,312.0,0.0,100.0,4
051009,HUANCARAYLLA,33.0391452991453,1820.0000000000002,0.0,100.0,18
050408,LLOCHEGUA,32.55666031443544,16192.285714285716,0.0,100.0,14
200506,TAMARINDO,31.975,13520.0,0.0,100.0,2
200502,AMOTAPE,30.139999999999997,4770.0,0.0,100.0,2
050203,LOS MOROCHUCOS,29.350552407932014,2768.263157894737,0.0,100.0,38
200802,BELLAVISTA DE LA UNION,28.279619771863118,7890.0,0.0,100.0,3
200108,EL TALLAN,27.35249608238191,10919.333333333332,0.0,100.0,3
200404,LA MATANZA,27.214452436712392,11208.75,0.0,100.0,12
200805,VICE,26.14333333333333,2612.4,0.0,100.0,5
200503,ARENAL,26.14170731707317,615.0,0.0,100.0,2
050201,CANGALLO,25.893506583506586,1903.0869565217388,0.0,100.0,23
050605,CHAVIÑA,24.686201754385966,744.1666666666665,0.0,100.0,36
050403,HUAMANGUILLA,24.606360097323606,2677.7272727272725,0.0,100.0,11
050611,LUCANAS,23.46204710144928,5715.5,0.0,100.0,128
200110,LA UNION,23.375905687107874,6405.0,0.0,100.0,9
160101,IQUITOS,23.217847105115236,2253.3999999999996,0.0,100.0,10
200505,LA HUACA,23.096625443937086,19710.0,0.0,100.0,8
200405,MORROPON,22.84985489390828,9496.5,0.0,100.0,10
050507,SANTA ROSA,22.012560806459607,26398.384615384613,0.0,100.0,13
200109,LA ARENA,20.27654157303371,34230.76923076923,0.0,100.0,13
200603,IGNACIO ESCUDERO,20.152262602579132,23884.0,0.0,100.0,9
050405,LURICOCHA,19.191932452276067,4369.75,0.0,100.0,20
050107,PACAYCASA,19.11,1964.0,0.0,100.0,4
200107,CURA MORI,18.974821603128056,10608.888888888887,0.0,100.0,9
050101,AYACUCHO,18.650416666666665,2405.3333333333335,0.0,100.0,21
200607,QUERECOTILLO,18.618193247126435,16324.363636363636,0.0,100.0,11
200504,COLAN,18.614199255121044,5250.666666666666,0.0,100.0,6
050616,SAN JUAN,18.291857871255583,1935.1000000000001,0.0,100.0,10
050508,TAMBO,18.23091976516634,19588.333333333336,0.0,100.0,24
050501,SAN MIGUEL,18.12263680033417,6277.5999999999985,0.0,100.0,30
050104,CARMEN ALTO,17.25151183970856,732.0,0.0,100.0,5
050503,AYNA,16.891766561514196,2417.125,0.0,100.0,16
200105,CATACAOS,16.140254569624457,19104.761904761905,0.0,100.0,21
200701,PARIÑAS,15.571209782893016,15144.961538461537,0.0,100.0,26
200401,CHULUCANAS,14.085205047951524,32920.333333333336,0.0,100.0,27
050601,PUQUIO,13.615505529225906,823.1971830985917,0.0,100.0,71
200605,MARCAVELICA,13.486824292999538,19357.69230769231,0.0,100.0,26
050702,CHUMPI,13.458419540229883,4363.920000000001,0.0,100.0,25
050113,TAMBILLO,13.104038623005875,3070.1333333333337,0.0,100.0,15
050404,IGUAIN,11.489897698209717,1477.1111111111113,0.0,100.0,9
050401,HUANTA,9.749179781653197,9132.73076923077,0.0,100.0,26
051007,COLCA,9.743352059925092,348.5833333333333,0.0,100.0,12
200703,LA BREA,7.913333333333333,36.0,0.0,100.0,9
200608,SALITRAL,6.776666666666668,668.8,0.0,100.0,5
160112,BELEN,6.520170346143364,4833.761904761905,0.0,100.0,21
050116,ANDRES AVELINO CACERES DORREGARAY,6.480593220338983,491.66666666666674,0.0,100.0,6
050115,JESUS NAZARENO,5.945528846153846,780.0,0.0,100.0,8
160201,YURIMAGUAS,5.87155841130382,273607.8048780487,0.0,100.0,41
160108,PUNCHANA,5.088077205342728,8774.318181818182,0.0,100.0,22
200501,PAITA,3.8133333333333335,314506.625,0.0,100.0,8
200606,MIGUEL CHECA,3.645513739545998,19343.999999999996,0.0,100.0,3
200601,SULLANA,3.5007964932520155,601742.7000000001,0.0,100.0,30
200101,PIURA,1.9928148514742592,600351.3461538461,0.0,100.0,26
200104,CASTILLA,0.9458811866548379,570354.0,0.0,100.0,18
160104,INDIANA,0.8266382833787465,5605.090909090909,0.0,100.0,22
160603,PADRE MARQUEZ,0.022340425531914895,3571.9999999999995,0.0,100.0,10
160107,NAPO,0.0,26573.161290322583,0.0,100.0,31
160803,TENIENTE MANUEL CLAVERO,0.0,1848.4117647058824,0.0,100.0,17
160106,MAZAN,0.0,5349.999999999999,0.0,100.0,26
160802,ROSA PANDURO,0.0,1176.8333333333335,0.0,100.0,6
160110,TORRES CAUSANA,0.0,2680.0,0.0,100.0,11
050110,SAN JUAN BAUTISTA,,0.0,0.0,0.0,9
160508,SOPLIN,,0.0,0.0,0.0,4
200115,VEINTISEIS DE OCTUBRE,,0.0,0.0,0.0,12
200602,BELLAVISTA,,0.0,0.0,0.0,2
200702,EL ALTO,,0.0,0.0,0.0,2
200704,LOBITOS,,0.0,0.0,0.0,3
